"";"Species";"RCC";"Genbank_accession";"Keep";"Status"
"1";"Micromonas_pusilla";"RCC114";"AY425320";"Yes";"Distributed"
"2";"Micromonas_pusilla";"RCC114";"KU244630";"Yes";"Distributed"
"3";"Micromonas_pusilla";"RCC114";"KU244631";"Yes";"Distributed"
"4";"Ostreococcus_tauri";"RCC116";"Y15814";"No";"Cryopreserved"
"5";"Ostreococcus_clade_B";"RCC141";"KT878663";"No";"Lost"
"6";"Ostreococcus_clade_B";"RCC143";"AY425310";"No";"Lost"
"7";"Ostreococcus_lucimarinus";"RCC343";"KT860633";"Yes";"Cryopreserved"
"8";"Ostreococcus_lucimarinus";"RCC371";"KT860634";"No";"Lost"
"9";"Micromonas_commoda";"RCC372";"KT860635";"Yes";"Distributed"
"10";"Micromonas_commoda";"RCC372";"KU244634";"Yes";"Distributed"
"11";"Micromonas_pusilla";"RCC373";"KF501025";"Yes";"Distributed"
"12";"Micromonas_pusilla";"RCC373";"KF501014";"Yes";"Distributed"
"13";"Throndsenia_aranea_nom_nud";"RCC391";"AY425321";"Yes";"Distributed"
"14";"Ostreococcus_clade_B";"RCC393";"AY425311";"No";"Lost"
"15";"Mantionella_squamata";"RCC395";"KT860636";"Yes";"Distributed"
"16";"Ostreococcus_clade_B";"RCC410";"KT860680";"Yes";"Distributed"
"17";"Micromonas_bravo";"RCC418";"KF501026";"Yes";"Distributed"
"18";"Micromonas_bravo";"RCC418";"KF501015";"Yes";"Distributed"
"19";"Ostreococcus_lucimarinus";"RCC420";"KT878674";"No";"Lost"
"20";"Ostreococcus_sp";"RCC422";"KT860646";"Yes";"Cryopreserved"
"21";"Ostreococcus_sp";"RCC426";"KT860647";"Yes";"Cryopreserved"
"22";"Ostreococcus_sp";"RCC427";"KT860648";"Yes";"Cryopreserved"
"23";"Ostreococcus_sp";"RCC428";"KT878675";"No";"Lost"
"24";"Ostreococcus_sp";"RCC429";"KT860644";"Yes";"Cryopreserved"
"25";"Micromonas_bravo";"RCC434";"AY425316";"Yes";"Distributed"
"26";"Micromonas_bravo";"RCC434";"KR089060";"Yes";"Distributed"
"27";"Micromonas_bravo";"RCC434";"KU244636";"Yes";"Distributed"
"28";"Micromonas_pusilla";"RCC447";"KT860650";"Yes";"Distributed"
"29";"Micromonas_commoda";"RCC447";"KU244638";"Yes";"Distributed"
"30";"Micromonas_commoda";"RCC448";"KT860645";"Yes";"Distributed"
"31";"Micromonas_commoda";"RCC449";"KT860641";"Yes";"Distributed"
"32";"Micromonas_commoda";"RCC449";"KU244641";"Yes";"Distributed"
"33";"Micromonas_commoda";"RCC450";"KU244643";"Yes";"Distributed"
"34";"Micromonas_commoda";"RCC451";"KF501035";"Yes";"Distributed"
"35";"Micromonas_commoda";"RCC451";"KF501024";"Yes";"Distributed"
"36";"Ostreococcus_sp";"RCC453";"KT860656";"Yes";"Cryopreserved"
"37";"Ostreococcus_sp";"RCC454";"KT860657";"Yes";"Cryopreserved"
"38";"Micromonas_pusilla";"RCC461";"KF501027";"No";"Lost"
"39";"Micromonas_pusilla";"RCC461";"KF501016";"No";"Lost"
"40";"Ostreococcus_sp";"RCC462";"KT878676";"No";"Lost"
"41";"Bathycoccus_prasinos";"RCC463";"KT860652";"Yes";"Cryopreserved"
"42";"Micromonas_pusilla";"RCC465";"KF501028";"Yes";"Distributed"
"43";"Micromonas_pusilla";"RCC465";"KF501017";"Yes";"Distributed"
"44";"Ostreococcus_sp";"RCC467";"KT860653";"Yes";"Cryopreserved"
"45";"Ostreococcus_sp";"RCC468";"KT860674";"Yes";"Cryopreserved"
"46";"Micromonas_commoda";"RCC472";"KR089059";"Yes";"Distributed"
"47";"Micromonas_commoda";"RCC472";"KU244645";"Yes";"Distributed"
"48";"Micromonas_commoda";"RCC496";"KT860797";"Yes";"Distributed"
"49";"Micromonas_pusilla";"RCC497";"KF501034";"Yes";"Cryopreserved"
"50";"Micromonas_pusilla";"RCC497";"KF501023";"Yes";"Cryopreserved"
"51";"Micromonas_pusilla";"RCC498";"KT860640";"Yes";"Distributed"
"52";"Micromonas_pusilla";"RCC498";"KU244647";"Yes";"Distributed"
"53";"Ostreococcus_mediterraneus";"RCC501";"AY425313";"No";"Lost"
"54";"Bathycoccus_prasinos";"RCC536";"KT860681";"Yes";"Cryopreserved"
"55";"Micromonas_commoda";"RCC570";"KT860879";"Yes";"Cryopreserved"
"56";"Micromonas_commoda";"RCC570";"KU244649";"Yes";"Cryopreserved"
"57";"Micromonas_commoda";"RCC573";"KT860807";"Yes";"Distributed"
"58";"Micromonas_pusilla";"RCC629";"KF501029";"Yes";"Distributed"
"59";"Micromonas_pusilla";"RCC629";"KF501018";"Yes";"Distributed"
"60";"Micromonas_pusilla";"RCC631";"KT878680";"No";"Lost"
"61";"Bathycoccus_prasinos";"RCC634";"KT860664";"Yes";"Distributed"
"62";"Bathycoccus_prasinos";"RCC640";"KT878681";"No";"Lost"
"63";"Micomomas_pusilla";"RCC647";"KT860882";"Yes";"Distributed"
"64";"Micromonas_pusilla";"RCC647";"KU244651";"Yes";"Distributed"
"65";"Micromonas_commoda";"RCC658";"KF501030";"Yes";"Distributed"
"66";"Micromonas_commoda";"RCC658";"KF501019";"Yes";"Distributed"
"67";"Ostreococcus_tauri";"RCC675";"KT860887";"Yes";"Distributed"
"68";"Micromonas_commoda";"RCC676";"KU244653";"Yes";"Distributed"
"69";"Micromonas_commoda";"RCC676";"KT860888";"Yes";"Distributed"
"70";"Micromonas_bravo";"RCC688";"KT860891";"Yes";"Distributed"
"71";"Micromonas_pusilla";"RCC692";"KT860893";"Yes";"Distributed"
"72";"Micromonas_pusilla";"RCC692";"KU244655";"Yes";"Distributed"
"73";"Micromonas_pusilla";"RCC693";"KT860811";"Yes";"Cryopreserved"
"74";"Bathycoccus_calidus";"RCC715";"KT860815";"Yes";"Distributed"
"75";"Bathycoccus_calidus";"RCC716";"KT860816";"Yes";"Distributed"
"76";"Micromonas_bravo";"RCC746";"KT860894";"Yes";"Distributed"
"77";"Micromonas_bravo";"RCC746";"KU244657";"Yes";"Distributed"
"78";"Ostreococcus_lucimarinus";"RCC747";"KT860895";"Yes";"Distributed"
"79";"Ostreococcus_lucimarinus";"RCC796";"KT860897";"Yes";"Distributed"
"80";"Bahycoccus_prasinos";"RCC797";"KT860936";"Yes";"Cryopreserved"
"81";"Ostreococcus_lucimarinus";"RCC798";"KT860898";"Yes";"Distributed"
"82";"Bathycoccus_prasinos";"RCC801";"KT860937";"Yes";"Cryopreserved"
"83";"Micromonas_pusilla";"RCC803";"KU244659";"Yes";"Distributed"
"84";"Micromonas_pusilla";"RCC804";"KU244661";"No";"NotDistributed"
"85";"Micromonas_pusilla";"RCC805";"KU244663";"No";"NotDistributed"
"86";"Micromonas_pusilla";"RCC806";"KU244665";"Yes";"Distributed"
"87";"Micromonas_polaris";"RCC807";"KU244667";"Yes";"Distributed"
"88";"Micromonas_pusilla";"RCC808";"KU244669";"Yes";"Distributed"
"89";"Micromonas_pusilla";"RCC828";"KF501032";"No";"Cryopreserved"
"90";"Micromonas_pusilla";"RCC828";"KF501021";"No";"Cryopreserved"
"91";"Micromonas_pusilla";"RCC829";"KF501033";"Yes";"Cryopreserved"
"92";"Micromonas_pusilla";"RCC829";"KF501022";"Yes";"Cryopreserved"
"93";"Micromonas_bravo";"RCC830";"KT860899";"Yes";"Distributed"
"94";"Micromonas_bravo";"RCC830";"KU244671";"Yes";"Distributed"
"95";"Micromonas_bravo";"RCC831";"KT860900";"Yes";"Distributed"
"96";"Micromonas_bravo";"RCC831";"KU244673";"Yes";"Distributed"
"97";"Micromonas_bravo";"RCC832";"KT860901";"Yes";"Cryopreserved"
"98";"Micromonas_pusilla";"RCC833";"KT860902";"Yes";"Distributed"
"99";"Micromonas_pusilla";"RCC833";"KU244675";"Yes";"Distributed"
"100";"Micromonas_pusilla";"RCC834";"KU244677";"Yes";"Distributed"
"101";"Micromonas_pusilla";"RCC835";"KU244679";"Yes";"Distributed"
"102";"Micromonas_commoda";"RCC836";"KT860903";"Yes";"Distributed"
"103";"Micromonas_commoda";"RCC836";"KU244681";"Yes";"Distributed"
"104";"Micromonas_bravo";"RCC845";"KT860819";"Yes";"Cryopreserved"
"105";"Micromonas_commoda";"RCC966";"KT860911";"Yes";"Cryopreserved"
"106";"Micromonas_clade_B_warm";"RCC1109";"KF501020";"Yes";"Distributed"
"107";"Ostreococcus_sp";"RCC1120";"KT860804";"Yes";"Distributed"
"108";"Ostreococcus_tauri";"RCC1560";"KT860912";"Yes";"Distributed"
"109";"Ostreococcus_lucimarinus";"RCC1565";"KT860709";"Yes";"Distributed"
"110";"Ostreococcus_lucimarinus";"RCC1566";"KT860710";"Yes";"Cryopreserved"
"111";"Bathycoccus_prasinos";"RCC1608";"KT860697";"Yes";"Cryopreserved"
"112";"Bathycoccus_prasinos";"RCC1609";"KT860698";"Yes";"Cryopreserved"
"113";"Bathycoccus_prasinos";"RCC1610";"KT860699";"Yes";"Cryopreserved"
"114";"Bathycoccus_prasinos";"RCC1611";"KT860700";"Yes";"Cryopreserved"
"115";"Micromonas_commoda";"RCC1612";"KT860701";"No";"Lost"
"116";"Bathycoccus_prasinos";"RCC1613";"KT860702";"Yes";"Distributed"
"117";"Micromonas_pusilla";"RCC1614";"KR089061";"Yes";"Distributed"
"118";"Bathycoccus_prasinos";"RCC1615";"KT860703";"Yes";"Cryopreserved"
"119";"Ostreococcus_lucimarinus";"RCC1616";"KT860704";"Yes";"Cryopreserved"
"120";"Micromonas_bravo";"RCC1629";"KT860711";"Yes";"Distributed"
"121";"Micromonas_pusilla";"RCC1614";"KT860721";"Yes";"Cryopreserved"
"122";"Ostreococcus_lucimarinus";"RCC1645";"KT860712";"Yes";"Distributed"
"123";"Bathycoccus_prasinos";"RCC1646";"KT860722";"Yes";"Cryopreserved"
"124";"Dolichomastigales_XX_sp";"RCC1651";"KT860915";"Yes";"Distributed"
"125";"Ostreococcus_lucimarinus";"RCC1662";"KT860713";"Yes";"Cryopreserved"
"126";"Bathycoccus_prasinos";"RCC1664";"KT860714";"No";"Lost"
"127";"Micromonas_pusilla";"RCC1677";"KT860715";"Yes";"Cryopreserved"
"128";"Micromonas_commoda";"RCC1687";"KT860716";"Yes";"Cryopreserved"
"129";"Micromonas_commoda";"RCC1697";"KT860717";"Yes";"Distributed"
"130";"Micromonas_pusilla";"RCC1698";"KT860718";"Yes";"Cryopreserved"
"131";"Micromonas_bravo";"RCC1699";"KT860705";"Yes";"Distributed"
"132";"Micromonas_pusilla";"RCC1718";"KT860789";"No";"Lost"
"133";"Micromonas_pusilla";"RCC1749";"KT860724";"Yes";"Cryopreserved"
"134";"Micromonas_bravo";"RCC1862";"KT860773";"Yes";"Distributed"
"135";"Bathycoccus_prasinos";"RCC1868";"KT860774";"Yes";"Distributed"
"136";"Bathycoccus_prasinos";"RCC1872";"KT860776";"Yes";"Cryopreserved"
"137";"Micromonas_polaris";"RCC2242";"KT860743";"Yes";"Distributed"
"138";"Micromonas_polaris";"RCC2243";"KT860570";"Yes";"Distributed"
"139";"Micromonas_polaris";"RCC2243";"KT860799";"Yes";"Distributed"
"140";"Micromonas_polaris";"RCC2244";"KT860736";"Yes";"Distributed"
"141";"Micromonas_polaris";"RCC2245";"KT860571";"Yes";"Distributed"
"142";"Micromonas_polaris";"RCC2245";"KT860739";"Yes";"Distributed"
"143";"Micromonas_polaris";"RCC2246";"KT860740";"Yes";"Distributed"
"144";"Micromonas_polaris";"RCC2247";"KT860737";"Yes";"Distributed"
"145";"Micromonas_polaris";"RCC2248";"KT860572";"Yes";"Distributed"
"146";"Micromonas_polaris";"RCC2248";"KT860769";"Yes";"Distributed"
"147";"Micromonas_polaris";"RCC2249";"KT860738";"Yes";"Distributed"
"148";"Micromonas_polaris";"RCC2250";"KT860744";"Yes";"Distributed"
"149";"Micromonas_polaris";"RCC2251";"KT860741";"Yes";"Distributed"
"150";"Micromonas_polaris";"RCC2252";"KT860749";"Yes";"Distributed"
"151";"Micromonas_polaris";"RCC2253";"KT860575";"Yes";"Distributed"
"152";"Micromonas_polaris";"RCC2253";"KT860750";"Yes";"Distributed"
"153";"Micromonas_polaris";"RCC2254";"KT860576";"Yes";"Distributed"
"154";"Micromonas_polaris";"RCC2254";"KT860745";"Yes";"Distributed"
"155";"Micromonas_polaris";"RCC2255";"KT860577";"Yes";"Distributed"
"156";"Micromonas_polaris";"RCC2255";"KT860746";"Yes";"Distributed"
"157";"Micromonas_polaris";"RCC2256";"KT860578";"No";"Lost"
"158";"Micromonas_polaris";"RCC2256";"KT860742";"No";"Lost"
"159";"Micromonas_polaris";"RCC2257";"KT860747";"No";"NotDistributed"
"160";"Micromonas_polaris";"RCC2258";"KT860580";"Yes";"Distributed"
"161";"Micromonas_polaris";"RCC2258";"KT860748";"Yes";"Distributed"
"162";"Micromonas_polaris";"RCC2259";"KT860581";"Yes";"Distributed"
"163";"Micromonas_polaris";"RCC2259";"KT860751";"Yes";"Distributed"
"164";"Mamiellales_XX_sp";"RCC2285";"JF794053";"No";"Lost"
"165";"Mantionella_beaufortii";"RCC2289";"JN934679";"Yes";"Distributed"
"166";"Micromonas_polaris";"RCC2304";"KT860843";"Yes";"Distributed"
"167";"Micromonas_polaris";"RCC2305";"KT860801";"No";"Lost"
"168";"Micromonas_polaris";"RCC2305";"JF794057";"Yes";"Distributed"
"169";"Micromonas_polaris";"RCC2307";"KT860753";"Yes";"Distributed"
"170";"Micromonas_polaris";"RCC2308";"JN934683";"No";"Lost"
"171";"Micromonas_polaris";"RCC2309";"KT860765";"Yes";"Distributed"
"172";"Micromonas_polaris";"RCC2310";"KT860754";"No";"Lost"
"173";"Micromonas_polaris";"RCC2311";"KT860752";"Yes";"Distributed"
"174";"Micromonas_polaris";"RCC2311";"KT860585";"Yes";"Distributed"
"175";"Micromonas_polaris";"RCC2312";"KT860758";"Yes";"Distributed"
"176";"Micromonas_polaris";"RCC2213";"KT860586";"No";"Lost"
"177";"Micromonas_polaris";"RCC2213";"KT860759";"No";"Lost"
"178";"Micromonas_polaris";"RCC2314";"KT860587";"Yes";"Distributed"
"179";"Micromonas_polaris";"RCC2314";"KT860760";"Yes";"Distributed"
"180";"Micromonas_polaris";"RCC2315";"KT860768";"No";"Lost"
"181";"Micromonas_polaris";"RCC2316";"KT860589";"Yes";"Distributed"
"182";"Micromonas_polaris";"RCC2316";"KT860761";"Yes";"Distributed"
"183";"Micromonas_polaris";"RCC2317";"KT860590";"Yes";"Distributed"
"184";"Micromonas_polaris";"RCC2317";"KT860762";"Yes";"Distributed"
"185";"Ostreococcus_lucimarinus";"RCC2343";"KT860781";"Yes";"Distributed"
"186";"Ostreococcus_lucimarinus";"RCC2344";"KT860782";"Yes";"Distributed"
"187";"Mantionella_beaufortii";"RCC2487";"KT860921";"Yes";"Distributed"
"188";"Micromonas_polaris";"RCC2514";"KT860766";"Yes";"Distributed"
"189";"Micromonas_pusilla";"RCC3051";"KT860829";"No";"Lost"
"190";"Micromonas_pusilla";"RCC3052";"KT860828";"Yes";"Distributed"
"191";"Micromonas_pusilla";"RCC3053";"KT860830";"No";"Lost"
"192";"Micromonas_polaris";"RCC4298";"KT884472";"Yes";"Distributed"
"193";"Micromonas_pusilla";"RCC4440";"KX523155";"Yes";"Distributed"
"194";"Micromonas_pusilla";"RCC4441";"KX523156";"No";"Lost"
"195";"Micromonas_bravo";"RCC4574";"KX014645";"Yes";"Distributed"
"196";"Micromonas_polaris";"RCC4778";"KX602210";"Yes";"Distributed"
"197";"Micromonas_polaris";"RCC4778";"KX602211";"Yes";"Distributed"
"198";"Micromonas_commoda";"RCC4795";"KY095019";"Yes";"Distributed"
"199";"Micromonas_commoda";"RCC4795";"KY095006";"Yes";"Distributed"
"200";"Micromonas_pusilla";"RCC4825";"KY095046";"Yes";"Distributed"
"201";"Micromonas_commoda";"RCC4835";"KY095008";"Yes";"Distributed"
"202";"Micromonas_commoda";"RCC4852";"KY095012";"Yes";"Distributed"
"203";"Mantionella_sp";"RCC5273";"MH764753";"No";"Lost"
"204";"Bathycoccus_prasinos";"RCC5417";"MH764869";"Yes";"Distributed"
"205";"Mantionella_baffinensis";"RCC5418";"MH764870";"No";"Lost"
"206";"Mantionella_baffinensis";"RCC5418";"MH516003";"No";"Lost"
"207";"";"RCC5419";"MH764871";"No";"NotFound"
"208";"";"RCC5420";"MH764872";"No";"NotFound"
"209";"";"RCC5421";"MH764873";"No";"NotFound"
"210";"Micromonas_polaris";"RCC5422";"MH764874";"Yes";"Distributed"
"211";"";"RCC5423";"MH764875";"No";"NotFound"
"212";"";"RCC5425";"MH764876";"No";"NotFound"
"213";"";"RCC5426";"MH764877";"No";"NotFound"
"214";"";"RCC5427";"MH764878";"No";"NotFound"
"215";"";"RCC5429";"MH764880";"No";"NotFound"
"216";"";"RCC5477";"MH764921";"No";"NotAvailable"
"217";"";"RCC5478";"MH764922";"No";"NotAvailable"
"218";"";"RCC5429";"MH764923";"No";"NotFound"
"219";"";"RCC5480";"MH764924";"No";"NotFound"
"220";"";"RCC5481";"MH764925";"No";"NotFound"
"221";"Micromonas_polaris";"RCC5482";"MH764926";"Yes";"Distributed"
"222";"Nitzschia_sp";"RCC80";"KT861227";"Yes";"Distributed"
"223";"";"RCC431";"KT861028";"No";"NotFound"
"224";"Nitzschia_sp";"RCC457";"KT860971";"Yes";"Distributed"
"225";"Nitzschia_sp";"RCC466";"KT860972";"Yes";"Cryopreserved"
"226";"Nitzschia_sp";"RCC469";"KT860973";"Yes";"Cryopreserved"
"227";"Nitzschia_sp";"RCC817";"KT861103";"Yes";"Cryopreserved"
"228";"Nitzschia_sp";"RCC826";"KT860982";"Yes";"Cryopreserved"
"229";"Nitzschia_sp";"RCC895";"KT860986";"Yes";"Cryopreserved"
"230";"Cylindrotheca_closterium";"RCC1713";"KT861112";"Yes";"Distributed"
"231";"Tabularia_sp";"RCC1743";"KT860991";"Yes";"Distributed"
"232";"Nitzschia_sp";"RCC1859";"KT861081";"No";"Lost"
"233";"Hyalosira_sp";"RCC1860";"KT861082";"Yes";"Distributed"
"234";"Bacillariophyceae_XXX_sp";"RCC1874";"KT861090";"Yes";"Distributed"
"235";"Cylindrotheca_closterium";"RCC1875";"KT861091";"No";"Lost"
"236";"Navicula_lanceolata";"RCC1943";"KT861066";"No";"Lost"
"237";"Naviculaceae_X_sp";"RCC1944";"KT861067";"No";"Lost"
"238";"Cylindrotheca_closterium";"RCC1950";"KT861069";"No";"Lost"
"239";"Bacillariophyceae_XXX_sp";"RCC1951";"KT861070";"No";"Lost"
"240";"Navicula_lanceolata";"RCC1952";"KT861071";"No";"Lost"
"241";"Naviculales_XX_sp";"RCC1955";"KT861073";"No";"Lost"
"242";"Nitzschia_sp";"RCC1961";"KT861074";"No";"Lost"
"243";"Bacillariophyceae_XXX_sp";"RCC1968";"KT861075";"No";"Lost"
"244";"Bacillariophyceae_XXX_sp";"RCC1969";"KT861076";"No";"Lost"
"245";"Psammodictyon_sp";"RCC1970";"KT861077";"No";"Lost"
"246";"Bacillariophyceae_XXX_sp";"RCC1974";"KT861093";"Yes";"Distributed"
"247";"Cylindrotheca_closterium";"RCC1975";"JF794039";"Yes";"Distributed"
"248";"Pseudo-nitzschia_arctica";"RCC2004";"JF794046";"Yes";"Distributed"
"249";"Pseudo-nitzschia_cf_granii";"RCC2006";"KT861176";"No";"Lost"
"250";"Fragilariaceae_X_sp";"RCC2043";"JF794051";"Yes";"Distributed"
"251";"Pseudo-nitzschia_cf_granii";"RCC2273";"KT861169";"No";"Lost"
"252";"Nitzschia_sp";"RCC2276";"JF794052";"Yes";"Distributed"
"253";"Fragilaria_sp";"RCC2508";"KT861200";"Yes";"Distributed"
"254";"Fragilariaceae_X_sp";"RCC2509";"KT861202";"Yes";"Distributed"
"255";"Synedra_sp";"RCC2510";"KT860999";"Yes";"Distributed"
"256";"Fragilariaceae_X_sp";"RCC2518";"KT861226";"Yes";"Distributed"
"257";"Fragilariaceae_X_sp";"RCC2519";"KT861197";"Yes";"Distributed"
"258";"Fragilariaceae_X_sp";"RCC2520";"KT861217";"Yes";"Distributed"
"259";"Cylindrotheca_closterium";"RCC2552";"KT861119";"No";"Lost"
"260";"";"RCC2566";"KT861008";"No";""
"261";"Fragilariaceae_X_sp";"RCC2598";"KT861009";"Yes";"Distributed"
"262";"Fragilariaceae_X_sp";"RCC2598";"KT861010";"Yes";"Distributed"
"263";"Bacillariales_XX_sp";"RCC2599";"KT861140";"Yes";"Distributed"
"264";"Nitzschia_sp";"RCC2600";"KT861141";"Yes";"Distributed"
"265";"Nitzschia_sp";"RCC2602";"KT861143";"Yes";"Cryopreserved"
"266";"Luticola_sp";"RCC2606";"KT861144";"Yes";"Distributed"
"267";"Cylindrotheca_sp";"RCC2608";"KT861145";"No";"Lost"
"268";"Asterionellopsis_glacialis";"RCC2613";"KT861146";"Yes";"Distributed"
"269";"Pseudo-nitzschia_sp";"RCC2619";"KT861147";"No";"Lost"
"270";"Nitzschia_sp";"RCC2623";"KT861149";"Yes";"Cryopreserved"
"271";"Cylindrotheca_closterium";"RCC2625";"KT861151";"No";"Lost"
"272";"Cylindrotheca_closterium";"RCC2627";"KT861152";"No";"Lost"
"273";"Nitzschia_sp";"RCC2638";"KT861153";"Yes";"Cryopreserved"
"274";"Naviculaceae_X_sp";"RCC2677";"KT861210";"Yes";"Distributed"
"275";"Entomoneis_sp";"RCC2768";"KT861118";"Yes";"Distributed"
"276";"Bacillariophyceae_XXX_sp";"RCC2679";"KT861120";"No";"Lost"
"277";"Bacillariophyceae_XXX_sp";"RCC2680";"KT861122";"Yes";"Distributed"
"278";"Nitzschia_sp";"RCC2681";"KT861011";"Yes";"Distributed"
"279";"Nitzschia_sp";"RCC2683";"KT861123";"Yes";"Cryopreserved"
"280";"Nitzschia_sp";"RCC2933";"KT861155";"Yes";"Cryopreserved"
"281";"Nitzschia_sp";"RCC2934";"KT861012";"Yes";"Cryopreserved"
"282";"Bacillariophyceae_XXX_sp";"RCC2936";"KT861013";"Yes";"Distributed"
"283";"Nitzschia_sp";"RCC2986";"KT861157";"Yes";"Distributed"
"284";"Nitzschia_sp";"RCC2987";"KT861158";"Yes";"Cryopreserved"
"285";"Nitzschia_sp";"RCC2988";"KT861159";"Yes";"Cryopreserved"
"286";"Nitzschia_sp";"RCC2989";"KT861160";"Yes";"Cryopreserved"
"287";"Bacillariophyceae_XXX_sp";"RCC2991";"KT861161";"Yes";"Distributed"
"288";"Fragilariaceae_X_sp";"RCC3059";"KT860960";"Yes";"Distributed"
"289";"Fragilariaceae_X_sp";"RCC3061";"KT861022";"Yes";"Distributed"
"290";"Fragilariaceae_X_sp";"RCC3062";"KT860961";"No";"Lost"
"291";"Fragilariaceae_X_sp";"RCC3063";"KT861023";"No";"Lost"
"292";"Pleurosigma_sp";"RCC3090";"KT861017";"No";"Lost"
"293";"Psammodictyon_sp";"RCC3091";"KT861018";"No";"Lost"
"294";"Navicula_sp";"RCC3092";"KT861019";"No";"Lost"
"295";"Fragilariopsis_cylindrus";"RCC4289";"KT884473";"Yes";"Distributed"
"296";"Fragilariopsis_cylindrus";"RCC4291";"KT884480";"No";"NotDistributed"
"297";"Entomoneis_sp";"RCC4487";"KT878709";"Yes";"Distributed"
"298";"Entomoneis_sp";"RCC4488";"KT878710";"Yes";"Cryopreserved"
"299";"Rhaphoneis_sp";"RCC4494";"MH792105";"Yes";"Distributed"
"300";"Fragilariopsis_sp";"RCC4505";"KT884461";"No";"Cryopreserved"
"301";"Naviculales_XX_sp";"RCC4589";"KY233130";"Yes";"Distributed"
"302";"Naviculales_XX_sp";"RCC4589";"MH843673";"Yes";"Distributed"
"303";"Naviculales_XX_sp";"RCC4595";"KY233135";"Yes";"Cryopreserved"
"304";"Fragilariopsis_sp";"RCC4604";"KY233144";"Yes";"Distributed"
"305";"Fragilariopsis_sp";"RCC4604";"MH843675";"Yes";"Distributed"
"306";"Fragilariopsis_sp";"RCC4608";"KY233146";"Yes";"Cryopreserved"
"307";"Navicula_sp";"RCC4611";"MH843678";"Yes";"Distributed"
"308";"Navicula_sp";"RCC4611";"KY233148";"Yes";"Distributed"
"309";"Navicula_sp";"RCC4611";"MH843677";"Yes";"Distributed"
"310";"Fragilariopsis_sp";"RCC4612";"KY233149";"Yes";"Cryopreserved"
"311";"Fragilaria_sp";"RCC4616";"KY233152";"Yes";"Distributed"
"312";"Fragilaria_sp";"RCC4616";"MH843680";"Yes";"Distributed"
"313";"Cylindrotheca_sp";"RCC4796";"KY095020";"Yes";"Cryopreserved"
"314";"Cylindrotheca_sp";"RCC4803";"KY095010";"Yes";"Cryopreserved"
"315";"Cylindrotheca_sp";"RCC4803";"KY095026";"Yes";"Cryopreserved"
"316";"Cylindrotheca_sp";"RCC4806";"KY095011";"Yes";"Cryopreserved"
"317";"Cylindrotheca_sp";"RCC4822";"KY094999";"Yes";"Cryopreserved"
"318";"Cylindrotheca_sp";"RCC4822";"KY095043";"Yes";"Cryopreserved"
"319";"Cylindrotheca_sp";"RCC4823";"KY094993";"Yes";"Cryopreserved"
"320";"Cylindrotheca_sp";"RCC4823";"KY095044";"Yes";"Cryopreserved"
"321";"Bacillariophyceae_XXX_sp";"RCC4829";"KY094998";"Yes";"Distributed"
"322";"Bacillariophyceae_XXX_sp";"RCC4834";"KY095053";"No";"Lost"
"323";"Bacillariophyceae_XXX_sp";"RCC4834";"MH712328";"No";"Lost"
"324";"Bacillariophyceae_XXX_sp";"RCC4839";"KY095014";"Yes";"Distributed"
"325";"Cylindrotheca_sp";"RCC4850";"KY094983";"No";"Lost"
"326";"Nitzschia_sp";"RCC4855";"KY095003";"Yes";"Distributed"
"327";"Nitzschia_sp";"RCC4856";"KY095004";"Yes";"Cryopreserved"
"328";"Halamphora_sp";"RCC5168";"MH743117";"Yes";"Distributed"
"329";"Navicula_sp";"RCC5169";"MH743118";"Yes";"Distributed"
"330";"Navicula_sp";"RCC5170";"MH743119";"No";"Distributed"
"331";"Nitzschia_sp";"RCC5171";"MH743120";"Yes";"Distributed"
"332";"Fragilariales_XX_sp";"RCC5176";"MH743125";"No";"Distributed"
"333";"Psammodictyon_sp";"RCC5187";"MH743127";"Yes";"Distributed"
"334";"Halamphora_sp";"RCC5190";"MH743130";"Yes";"Distributed"
"335";"Naviculales_XX_sp";"RCC5197";"MH764681";"Yes";"Cryopreserved"
"336";"Naviculales_XX_sp";"RCC5201";"MH764685";"Yes";"Cryopreserved"
"337";"Nitzschia_sp";"RCC5203";"MH764686";"No";"Lost"
"338";"Synedra_sp";"RCC5205";"MH764688";"Yes";"Distributed"
"339";"Fragilariopsis_sp";"RCC5208";"MH764691";"Yes";"Cryopreserved"
"340";"Naviculales_XX_sp";"RCC5213";"MH764696";"Yes";"Cryopreserved"
"341";"Cylindrotheca_sp";"RCC5216";"MH764699";"No";"Lost"
"342";"Fragilariaceae_X_sp";"RCC5217";"MH764700";"Yes";"Cryopreserved"
"343";"Synedra_hyperborea";"RCC5218";"MH764701";"Yes";"Distributed"
"344";"Fragilariaceae_X_sp";"RCC5220";"MH764703";"Yes";"Distributed"
"345";"Pseudo-nitzschia_arctica";"RCC5222";"MH764704";"Yes";"Cryopreserved"
"346";"Fragilariaceae_X_sp";"RCC5227";"MH764708";"Yes";"Cryopreserved"
"347";"Navicula_cf_normaloides";"RCC5230";"MH764711";"Yes";"Distributed"
"348";"Fragilariopsis_cylindrus";"RCC5231";"MH764712";"Yes";"Cryopreserved"
"349";"Pseudo-nitzschia_arctica";"RCC5232";"MH764713";"Yes";"Cryopreserved"
"350";"Pseudo-nitzschia_sp";"RCC5250";"MH764731";"Yes";"Cryopreserved"
"351";"Bacillariophyceae_XXX_sp";"RCC5259";"MH764740";"No";"NotDistributed"
"352";"Fragilariopsis_cylindrus";"RCC5280";"MH764760";"Yes";"Cryopreserved"
"353";"Pseudo-nitzschia_sp";"RCC5286";"MH764766";"No";"Lost"
"354";"Fragilariaceae_X_sp";"RCC5291";"MH764770";"Yes";"Distributed"
"355";"Pseudo-nitzschia_sp";"RCC5299";"MH764776";"Yes";"Distributed"
"356";"Naviculales_XX_sp";"RCC5302";"MH764778";"No";"Lost"
"357";"Cylindrotheca_sp";"RCC5303";"MH764779";"No";"Lost"
"358";"Pseudo-nitzschia_arctica";"RCC5306";"MH764782";"Yes";"Distributed"
"359";"Pseudo-nitzschia_arctica";"RCC5308";"MH764783";"Yes";"Cryopreserved"
"360";"";"RCC5316";"MH764791";"No";"NotFound"
"361";"Pseudo-nitzschia_sp";"RCC5321";"MH764795";"Yes";"Cryopreserved"
"362";"Fragilariopsis_sp";"RCC5325";"MH764798";"Yes";"Cryopreserved"
"363";"Nitzschia_sp";"RCC5343";"MH764811";"Yes";"Cryopreserved"
"364";"Bacillariophyceae_XXX_sp";"RCC5354";"MH764820";"Yes";"Distributed"
"365";"Fragilariopsis_cylindrus";"RCC5356";"MH764821";"Yes";"Distributed"
"366";"Fragilariopsis_cylindrus";"RCC5361";"MH764825";"Yes";"Distributed"
"367";"Fragilariaceae_X_sp";"RCC5362";"MH764826";"Yes";"Cryopreserved"
"368";"Fragilariaceae_X_sp";"RCC5363";"MH764827";"No";"Lost"
"369";"Fragilariaceae_X_sp";"RCC5365";"MH764828";"Yes";"Cryopreserved"
"370";"Fragilariaceae_X_sp";"RCC5366";"MH764829";"Yes";"Cryopreserved"
"371";"Fragilariopsis_cylindrus";"RCC5367";"MH764830";"Yes";"Cryopreserved"
"372";"Fragilariopsis_cylindrus";"RCC5369";"MH764831";"Yes";"Cryopreserved"
"373";"Fragilariopsis_cylindrus";"RCC5370";"MH764832";"Yes";"Cryopreserved"
"374";"Fragilariopsis_cylindrus";"RCC5371";"MH764833";"Yes";"Cryopreserved"
"375";"Navicula_sp";"RCC5373";"MH764834";"No";"NotDistributed"
"376";"Navicula_ramosissima";"RCC5374";"MH764835";"Yes";"Distributed"
"377";"Naviculales_XX_sp";"RCC5376";"MH764836";"Yes";"Cryopreserved"
"378";"Naviculales_XX_sp";"RCC5377";"MH764837";"Yes";"Distributed"
"379";"Naviculales_XX_sp";"RCC5378";"MH764838";"Yes";"Cryopreserved"
"380";"Naviculales_XX_sp";"RCC5380";"MH764839";"Yes";"Cryopreserved"
"381";"Naviculales_XX_sp";"RCC5382";"MH764840";"Yes";"Distributed"
"382";"Naviculales_XX_sp";"RCC5383";"MH764841";"No";"Lost"
"383";"Naviculales_XX_sp";"RCC5384";"MH764842";"No";"Lost"
"384";"Naviculales_XX_sp";"RCC5385";"MH764843";"No";"Lost"
"385";"Naviculales_XX_sp";"RCC5386";"MH764844";"Yes";"Cryopreserved"
"386";"Naviculales_XX_sp";"RCC5387";"MH764845";"Yes";"Cryopreserved"
"387";"Nitzschia_sp";"RCC5388";"MH764846";"Yes";"Cryopreserved"
"388";"Nitzschia_sp";"RCC5389";"MH764847";"Yes";"Distributed"
"389";"Nitzschia_sp";"RCC5390";"MH764848";"Yes";"Cryopreserved"
"390";"Nitzschia_sp";"RCC5391";"MH764849";"Yes";"Cryopreserved"
"391";"Nitzschia_sp";"RCC5392";"MH764850";"Yes";"Cryopreserved"
"392";"Nitzschia_sp";"RCC5395";"MH764851";"Yes";"Distributed"
"393";"";"RCC5397";"MH764852";"No";"NotAvailable"
"394";"";"RCC5398";"MH764853";"No";"NotAvailable"
"395";"";"RCC5399";"MH764854";"No";"NotAvailable"
"396";"";"RCC5400";"MH764855";"No";"NotAvailable"
"397";"";"RCC5401";"MH764856";"No";"NotAvailable"
"398";"Naviculales_XX_sp";"RCC5402";"MH764857";"No";"Lost"
"399";"Synedra_sp";"RCC5404";"MH764858";"Yes";"Cryopreserved"
"400";"Fragilariopsis_cylindrus";"RCC5406";"MH764860";"Yes";"Distributed"
"401";"Synedra_sp";"RCC5408";"MH764861";"Yes";"Cryopreserved"
"402";"Bacillariophyceae_XXX_sp";"RCC5428";"MH764879";"No";"NotDistributed"
"403";"Nitzschia_sp";"RCC5458";"MH764905";"Yes";"Cryopreserved"
"404";"Naviculales_XX_sp";"RCC5459";"MH764906";"Yes";"Distributed"
"405";"Fallacia_forcipata";"RCC5460";"MH764907";"Yes";"Distributed"
"406";"Fragilariopsis_cylindrus";"RCC5461";"MH764908";"Yes";"Cryopreserved"
"407";"Fragilariales_XX_sp";"RCC5462";"MH764909";"Yes";"Cryopreserved"
"408";"Cylindrotheca_sp";"RCC5463";"MH764910";"Yes";"Distributed"
"409";"Fragilariopsis_cylindrus";"RCC5464";"MH764911";"Yes";"Distributed"
"410";"Fragilariopsis_cylindrus";"RCC5465";"MH764912";"Yes";"Cryopreserved"
"411";"Amphora_sp";"RCC5466";"MH764913";"Yes";"Distributed"
"412";"Cylindrotheca_sp";"RCC5467";"MH764914";"Yes";"Distributed"
"413";"Fragilariopsis_cylindrus";"RCC5468";"MH764915";"Yes";"Distributed"
"414";"Pseudo-nitzschia_arctica";"RCC5469";"MH764916";"Yes";"Distributed"
"415";"Nitzschia_sp";"RCC5489";"MH764933";"Yes";"Distributed"
"416";"Fragilariopsis_cylindrus";"RCC5491";"MH764935";"Yes";"Distributed"
"417";"Fragilariopsis_cylindrus";"RCC5501";"MH764944";"Yes";"Distributed"
"418";"Fragilariopsis_cylindrus";"RCC5507";"MH764949";"Yes";"Distributed"
"419";"Fragilariopsis_cylindrus";"RCC5508";"MH764950";"Yes";"Distributed"
"420";"Bacillaria_cf_paxillifera";"RCC5510";"MH764952";"No";"NotDistributed"
"421";"Fragilariopsis_cylindrus";"RCC5511";"MH764953";"Yes";"Cryopreserved"
"422";"Naviculales_XX_sp";"RCC5512";"MH764954";"Yes";"Distributed"
"423";"Fragilariopsis_cylindrus";"RCC5515";"MH764956";"Yes";"Cryopreserved"
"424";"Fragilariaceae_X_sp";"RCC5535";"MH764976";"Yes";"Cryopreserved"
"425";"Synedropsis_sp";"RCC5536";"MH764977";"Yes";"Cryopreserved"
"426";"Synedropsis_sp";"RCC5537";"MH764978";"Yes";"Distributed"
"427";"Fragilariaceae_X_sp";"RCC5538";"MH764979";"Yes";"Cryopreserved"
"428";"Naviculales_XX_sp";"RCC5539";"MH764980";"Yes";"Cryopreserved"
"429";"Synedropsis_sp";"RCC5541";"MH764982";"Yes";"Cryopreserved"
"430";"Fragilariaceae_X_sp";"RCC5549";"MH764988";"Yes";"Cryopreserved"
"431";"Fragilariaceae_X_sp";"RCC5551";"MH764990";"Yes";"Cryopreserved"
"432";"Fragilariaceae_X_sp";"RCC5553";"MH764992";"Yes";"Cryopreserved"
"433";"";"RCC5556";"MH764995";"No";"NotFound"
"434";"Naviculales_XX_sp";"RCC5562";"MH764999";"Yes";"Cryopreserved"
"435";"Naviculales_XX_sp";"RCC5564";"MH765001";"Yes";"Cryopreserved"
"436";"Naviculales_XX_sp";"RCC5566";"MH765003";"Yes";"Cryopreserved"
"437";"";"RCC5569";"MH765006";"No";"NotFound"
"438";"Fragilariaceae_X_sp";"RCC5575";"MH765012";"Yes";"Cryopreserved"
"439";"Bacillariophyceae_XXX_sp";"RCC5576";"MH765013";"No";"NotDistributed"
"440";"Fragilariopsis_cylindrus";"RCC5582";"MH765019";"Yes";"Cryopreserved"
"441";"";"RCC5586";"MH765023";"No";"NotFound"
"442";"Synedropsis_sp";"RCC5591";"MH765027";"No";"Cryopreserved"
"443";"Fragilariaceae_X_sp";"RCC5592";"MH765028";"Yes";"Cryopreserved"
"444";"Fragilariaceae_X_sp";"RCC5595";"MH765030";"Yes";"Distributed"
"445";"";"RCC5597";"MH765032";"No";"NotFound"
"446";"Naviculales_XX_sp";"RCC5601";"MH765035";"Yes";"Distributed"
"447";"Fragilariaceae_X_sp";"RCC5603";"MH765036";"Yes";"Distributed"
"448";"Cylindrotheca_closterium";"RCC6042";"MK542674";"Yes";"Distributed"
"449";"Pseudo-nitzschia_sp";"RCC6055";"MK542683";"Yes";"Distributed"
"450";"Fragilariopsis_sp";"RCC6059";"MK542684";"Yes";"Distributed"
"451";"";"RCC6060";"MK542685";"No";"NotFound"
"452";"Pseudo-nitzschia_sp";"RCC6061";"MK542686";"Yes";"Distributed"
"453";"Fragilariopsis_sp";"RCC6062";"MK542687";"Yes";"Distributed"
"454";"Pseudo-nitzschia_sp";"RCC6063";"MK542688";"Yes";"Distributed"
"455";"Fragilariopsis_sp";"RCC6064";"MK542689";"Yes";"Distributed"
"456";"Pseudo-nitzschia_sp";"RCC6065";"MK542690";"Yes";"Distributed"
"457";"Pseudo-nitzschia_sp";"RCC6066";"MK542691";"Yes";"Distributed"
"458";"Fragilariopsis_sp";"RCC6067";"MK542692";"Yes";"Distributed"
"459";"Pseudo-nitzschia_sp";"RCC6068";"MK542693";"Yes";"Distributed"
"460";"Pseudo-nitzschia_sp";"RCC6069";"MK542694";"Yes";"Distributed"
"461";"Pseudo-nitzschia_sp";"RCC6070";"MK542695";"No";"Lost"
"462";"Fragilariopsis_sp";"RCC6072";"MK542697";"Yes";"Distributed"
"463";"Fragilariopsis_sp";"RCC6073";"MK542698";"Yes";"Distributed"
"464";"Fragilariopsis_sp";"RCC6074";"MK542699";"Yes";"Distributed"
"465";"Pseudo-nitzschia_fraudulenta";"RCC6141";"MN121044";"No";"Lost"
"466";"Navicula_sp";"RCC6149";"MN121050";"No";"Lost"
"467";"Fragilariopsis_cylindrus";"RCC6853";"MN824004";"Yes";"Distributed"
"468";"Fragilariopsis_cylindrus";"RCC6854";"MN824005";"Yes";"Distributed"
"469";"Fragilariopsis_cylindrus";"RCC6855";"MN824006";"Yes";"Distributed"
"470";"Psudo-nitzschia_subcurvata";"RCC6857";"MN824008";"Yes";"Distributed"
"471";"Pseudo-nitzschia_subcurvata";"RCC6858";"MN824009";"Yes";"Distributed"
"472";"Fragilariopsis_cylindrus";"RCC6859";"MN824010";"Yes";"Distributed"
"473";"Fragilariopsis_cylindrus";"RCC6860";"MN824011";"Yes";"Distributed"
"474";"Fragilariopsis_cylindrus";"RCC6861";"MN824012";"Yes";"Distributed"
"475";"Pseudo-nitzschia_subcurvata";"RCC6862";"MN824013";"Yes";"Distributed"
"476";"Fragilariopsis_cylindrus";"RCC6864";"MN824014";"Yes";"Distributed"
"477";"Fragilariopsis_cylindrus";"RCC6865";"MN824015";"Yes";"Distributed"
"478";"Fragilariopsis_cylindrus";"RCC6866";"MN824016";"Yes";"Distributed"
"479";"Pseudo-nitzschia_subcurvata";"RCC6867";"MN824017";"Yes";"Distributed"
"480";"Fragilariopsis_cylindrus";"RCC6868";"MN824018";"Yes";"Distributed"
"481";"Fragilariopsis_cylindrus";"RCC6869";"MN824019";"Yes";"Distributed"
"482";"Fragilariopsis_cylindrus";"RCC6870";"MN824020";"Yes";"Distributed"
"483";"Pseudo-nitzschia_subcurvata";"RCC6873";"MN824023";"Yes";"Distributed"
"484";"Fragilariopsis_cylindrus";"RCC6874";"MN824024";"Yes";"Distributed"
"485";"Naviculales_XX_sp";"RCC6875";"MN824025";"Yes";"Distributed"
"486";"Chloropicon_primus";"RCC15";"U40921";"Yes";"Distributed"
"487";"Chloropicon_primus";"RCC15";"KF925345";"Yes";"Distributed"
"488";"Chloropicon_laureae";"RCC19";"KT860855";"Yes";"Distributed"
"489";"Chloropicon_primus";"RCC138";"KT860872";"Yes";"Distributed"
"490";"Chloroparvula_sp_B2";"RCC696";"KT860688";"Yes";"Distributed"
"491";"Chloroparvula_sp_B2";"RCC696";"KU843577";"Yes";"Distributed"
"492";"Chloropicon_laureae";"RCC700";"KT860686";"Yes";"Distributed"
"493";"Chloropicon_laureae";"RCC700";"KU843578";"Yes";"Distributed"
"494";"Chloropicon_laureae";"RCC701";"KF899839";"Yes";"Distributed"
"495";"Chloropicon_laureae";"RCC702";"KT860689";"No";"Lost"
"496";"Chloropicon_mariensis";"RCC712";"KT860929";"Yes";"Distributed"
"497";"Chloropicon_mariensis";"RCC712";"KU843579";"Yes";"Distributed"
"498";"Chloropicon_mariensis";"RCC713";"KT860813";"Yes";"Distributed"
"499";"Chloropicon_mariensis";"RCC713";"KU843580";"Yes";"Distributed"
"500";"Chloropicon_primus";"RCC717";"KT860691";"Yes";"Distributed"
"501";"Chloropicon_primus";"RCC717";"KU843581";"Yes";"Distributed"
"502";"Chloropicon_mariensis";"RCC719";"KT860933";"Yes";"Distributed"
"503";"Chloropicon_mariensis";"RCC719";"KU843582";"Yes";"Distributed"
"504";"Chloropicon_roscoffensis";"RCC722";"KT860817";"Yes";"Distributed"
"505";"Chloropicon_roscoffensis";"RCC722";"KU843583";"Yes";"Distributed"
"506";"Chloropicon_roscoffensis";"RCC726";"KT860692";"Yes";"Distributed"
"507";"Chloropicon_roscoffensis";"RCC726";"KU843584";"Yes";"Distributed"
"508";"Chloropicon_laureae";"RCC856";"EU106741";"Yes";"Distributed"
"509";"Chloropicon_laureae";"RCC856";"KF422631";"Yes";"Distributed"
"510";"Chloropicon_sieburthii";"RCC857";"KU843585";"Yes";"Distributed"
"511";"Chloropicon_sieburthii";"RCC857";"EU106742";"Yes";"Distributed"
"512";"";"RCC702-C4";"MF077474";"No";"NotFound"
"513";"Chloropicon_roscoffensis";"RCC917";"EU106769";"Yes";"Distributed"
"514";"Chloropicon_roscoffensis";"RCC917";"FJ997211";"Yes";"Distributed"
"515";"Chloropicon_sp";"RCC964";"KT860934";"No";"NotDistributed"
"516";"Chloropicon_sp";"RCC996";"EU106822";"Yes";"Distributed"
"517";"Chloropicon_sp";"RCC996";"KU843586";"Yes";"Distributed"
"518";"Chloropicon_mariensis";"RCC997";"EU106823";"Yes";"Distributed"
"519";"Chloropicon_mariensis";"RCC997";"KT860935";"Yes";"Distributed"
"520";"Chloropicon_mariensis";"RCC998";"EU106824";"Yes";"Distributed"
"521";"Chloropicon_mariensis";"RCC998";"KF422632";"Yes";"Distributed"
"522";"Chloroparvula_sp_B2";"RCC999";"KT860694";"No";"NotDistributed"
"523";"Chloroparvula_sp_B2";"RCC999";"KU843587";"No";"NotDistributed"
"524";"Chloropicon_sieburthii";"RCC1019";"KT860708";"Yes";"Distributed"
"525";"Chloropicon_sieburthii";"RCC1019";"KU843588";"Yes";"Distributed"
"526";"Chloropicon_laureae";"RCC1021";"EU106833";"No";"Lost"
"527";"Chloropicon_laureae";"RCC1021";"KU843589";"No";"Lost"
"528";"Chloropicon_sieburthii";"RCC1032";"EU106835";"Yes";"Distributed"
"529";"Chloropicon_sieburthii";"RCC1032";"KU843590";"Yes";"Distributed"
"530";"Chloropicon_sieburthii";"RCC1043";"KT860695";"Yes";"Distributed"
"531";"Chloropicon_sieburthii";"RCC1043";"KU843591";"Yes";"Distributed"
"532";"Chloropicon_roscoffensis";"RCC1124";"KT860719";"Yes";"Distributed"
"533";"Chloropicon_roscoffensis";"RCC1124";"KU843592";"Yes";"Distributed"
"534";"Chloropicon_primus";"RCC1724";"KT860723";"No";"NotDistributed"
"535";"Chloropicon_roscoffensis";"RCC1871";"KF899840";"Yes";"Distributed"
"536";"Chloropicon_roscoffensis";"RCC2335";"KF422627";"Yes";"Distributed"
"537";"Chloroparvula_sp_B2";"RCC2337";"KT860793";"Yes";"Distributed"
"538";"Chloroparvula_sp_B2";"RCC2337";"KU843593";"Yes";"Distributed"
"539";"Chloroparvula_japonica";"RCC2339";"KF422628";"Yes";"Distributed"
"540";"Chloropicon_sp";"RCC3368";"KF899838";"Yes";"Distributed"
"541";"Chloropicon_sp";"RCC3368";"MF077475";"Yes";"Distributed"
"542";"Chloropicon_roscoffensis";"RCC3373";"KU843594";"Yes";"Distributed"
"543";"Chloropicon_maureeniae";"RCC3374";"KU843595";"Yes";"Distributed"
"544";"Chloropicon_laureae";"RCC3375";"KF899843";"Yes";"Distributed"
"545";"Chloropicon_sp";"RCC3376";"KU843596";"Yes";"Distributed"
"546";"Chloropicon_roscoffensis";"RCC3632";"MH792068";"Yes";"Distributed"
"547";"Chloropicon_roscoffensis";"RCC3633";"MH792069";"Yes";"Distributed"
"548";"Chloropicon_roscoffensis";"RCC4429";"KU843597";"Yes";"Cryopreserved"
"549";"Chloropicon_roscoffensis";"RCC4429";"KX523147";"Yes";"Cryopreserved"
"550";"Chloropicon_roscoffensis";"RCC4430";"KU843598";"Yes";"Cryopreserved"
"551";"Chloropicon_roscoffensis";"RCC4430";"KX523148";"Yes";"Cryopreserved"
"552";"Chloropicon_sp_A6";"RCC4434";"KU843599";"Yes";"Distributed"
"553";"Chloropicon_sp_A6";"RCC4434";"KX523150";"Yes";"Distributed"
"554";"Chloropicon_sieburthii";"RCC4553";"KX014631";"No";"Lost"
"555";"Chloropicon_sieburthii";"RCC4569";"KX014641";"Yes";"Distributed"
"556";"Chloroparvula_sp_B3";"RCC4572";"KX014643";"Yes";"Distributed"
"557";"Chloroparvula_sp_B3";"RCC4472";"MF077476";"Yes";"Distributed"
"558";"Chloropicon_roscoffensis";"RCC4573";"KX014644";"Yes";"Distributed"
"559";"Chloroparvula_pacifica";"RCC4656";"KU843574";"Yes";"Distributed"
"560";"Chloropicon_roscoffensis";"RCC6306";"MN604334";"Yes";"Distributed"
"561";"Chlorella_sp";"RCC4";"KT878662";"No";"Lost"
"562";"Picochlorum_castavermella";"RCC9";"KT860852";"Yes";"Distributed"
"563";"Picochlorum_castavermella";"RCC11";"AJ131691";"No";"NotDistributed"
"564";"Picochlorum_castavermella";"RCC13";"KT860853";"Yes";"Cryopreserved"
"565";"Picochlorum_castavermella";"RCC14";"KT860854";"Yes";"Cryopreserved"
"566";"Picochlorum_castavermella";"RCC99";"KT860856";"Yes";"Cryopreserved"
"567";"Picochlorum_castavermella";"RCC115";"AY526738";"No";"Lost"
"568";"Picochlorum_castavermella";"RCC140";"KT860873";"Yes";"Cryopreserved"
"569";"Picochlorum_castavermella";"RCC142";"KT860874";"Yes";"Cryopreserved"
"570";"Chlorella_sp";"RCC346";"KT878667";"No";"Lost"
"571";"Chlorella_sp";"RCC347";"KT860631";"Yes";"Distributed"
"572";"Coccomyxa_sp";"RCC396";"KT860642";"Yes";"Distributed"
"573";"Coccomyxa_sp";"RCC397";"KT878671";"No";"Lost"
"574";"Picochlorum_sp";"RCC475";"KT860662";"Yes";"Distributed"
"575";"Picochlorum_sp";"RCC484";"KT860668";"Yes";"Distributed"
"576";"Picochlorum_sp";"RCC485";"KT860806";"Yes";"Cryopreserved"
"577";"Picochlorum_sp";"RCC486";"KT861323";"No";"Lost"
"578";"Picochlorum_sp";"RCC490";"KT860669";"Yes";"Cryopreserved"
"579";"Coccomyxa_sp";"RCC533";"KT860679";"Yes";"Distributed"
"580";"Coccomyxa_sp";"RCC537";"KT860672";"Yes";"Distributed"
"581";"Picochlorum_sp";"RCC632";"KT860665";"Yes";"Cryopreserved"
"582";"Picochlorum_sp";"RCC633";"KT860663";"Yes";"Cryopreserved"
"583";"Picochlorum_sp";"RCC637";"KT860666";"Yes";"Cryopreserved"
"584";"Droopiella_sp";"RCC661";"KT860883";"Yes";"Distributed"
"585";"Auxenochlorella_symbiontica";"RCC664";"KT860884";"Yes";"Distributed"
"586";"Picochlorum_sp";"RCC683";"KT860889";"Yes";"Cryopreserved"
"587";"Picochlorum_sp";"RCC684";"KT860890";"Yes";"Cryopreserved"
"588";"Picochlorum_sp";"RCC689";"KT860892";"Yes";"Cryopreserved"
"589";"Picochlorum_sp";"RCC748";"KT860896";"Yes";"Cryopreserved"
"590";"Picochlorum_sp";"RCC846";"KT860820";"Yes";"Cryopreserved"
"591";"Picochlorum_sp";"RCC847";"KT860904";"No";"Cryopreserved"
"592";"Coccomyxa_sp";"RCC891";"KT860906";"Yes";"Distributed"
"593";"Picochlorum_sp";"RCC894";"EU127469";"Yes";"Cryopreserved"
"594";"Picochlorum_castavermella";"RCC897";"KT860908";"Yes";"Distributed"
"595";"Coccomyxa_sp";"RCC903";"KT860910";"Yes";"Distributed"
"596";"Picochlorum_sp";"RCC944";"EU106790";"Yes";"Distributed"
"597";"Picochlorum_sp";"RCC944";"KT860842";"Yes";"Distributed"
"598";"Picochlorum_sp";"RCC945";"EU106791";"No";"NotDistributed"
"599";"Picochlorum_sp";"RCC1034";"EU106837";"Yes";"Cryopreserved"
"600";"Stichococcus_sp";"RCC1054";"KF899844";"Yes";"Distributed"
"601";"Stichococcus_sp";"RCC1055";"KT860696";"Yes";"Distributed"
"602";"Picochlorum_sp";"RCC1125";"KT860720";"No";"NotDistributed"
"603";"Picochlorum_sp";"RCC2935";"KT860926";"Yes";"Cryopreserved"
"604";"Trebouxiophyceae_XXX__sp";"RCC2249";"KT860826";"Yes";"Distributed"
"605";"Phyllosiphon_sp";"RCC2979";"KT860839";"Yes";"Distributed"
"606";"Picochlorum_sp";"RCC3965";"KT860832";"Yes";"Cryopreserved"
"607";"Picochlorum_sp";"RCC3067";"KT860833";"Yes";"Cryopreserved"
"608";"Picochlorum_sp";"RCC3070";"KT860847";"Yes";"Cryopreserved"
"609";"Picochlorum_sp";"RCC3071";"KT860836";"Yes";"Cryopreserved"
"610";"Picochlorum_sp";"RCC4442";"KX523157";"Yes";"Cryopreserved"
"611";"Picochlorum_sp";"RCC4445";"MH792079";"Yes";"Cryopreserved"
"612";"Picochlorum_sp";"RCC4447";"MH792080";"Yes";"Cryopreserved"
"613";"Picochlorum_sp";"RCC4448";"MH792081";"Yes";"Cryopreserved"
"614";"Picochlorum_sp";"RCC4450";"MH792082";"Yes";"Cryopreserved"
"615";"Picochlorum_sp";"RCC4451";"MH792083";"Yes";"Distributed"
"616";"Picochlorum_sp";"RCC4453";"MH792084";"Yes";"Cryopreserved"
"617";"Picochlorum_sp";"RCC4454";"MH792085";"Yes";"Cryopreserved"
"618";"Picochlorum_sp";"RCC4455";"MH792086";"Yes";"Cryopreserved"
"619";"Picochlorum_sp";"RCC4456";"MH792087";"Yes";"Cryopreserved"
"620";"Picochlorum_sp";"RCC4457";"MH792088";"Yes";"Cryopreserved"
"621";"Picochlorum_sp";"RCC4458";"MH792089";"Yes";"Cryopreserved"
"622";"Picochlorum_sp";"RCC4459";"MH792090";"Yes";"Cryopreserved"
"623";"Picochlorum_sp";"RCC4460";"MH792091";"Yes";"Cryopreserved"
"624";"Picochlorum_sp";"RCC4461";"MH792092";"Yes";"Cryopreserved"
"625";"Picochlorum_sp";"RCC4462";"MH792093";"Yes";"Cryopreserved"
"626";"Picochlorum_sp";"RCC4463";"MH792094";"Yes";"Cryopreserved"
"627";"Picochlorum_sp";"RCC4464";"MH792095";"Yes";"Cryopreserved"
"628";"Picochlorum_sp";"RCC4465";"MH792096";"Yes";"Cryopreserved"
"629";"Picochlorum_sp";"RCC4466";"MH792097";"Yes";"Cryopreserved"
"630";"Picochlorum_sp";"RCC4467";"MH792098";"Yes";"Cryopreserved"
"631";"Pseudochloris_sp";"RCC4743";"MH792099";"Yes";"Distributed"
"632";"Trebouxiophyceae_XXX__sp";"RCC5174";"MH743123";"Yes";"Distributed"
"633";"Trebouxiophyceae_XXX__sp";"RCC5191";"MH743131";"Yes";"Distributed"
"634";"Trebouxiophyceae_XXX__sp";"RCC5193";"MH743132";"Yes";"Distributed"
"635";"Picochlorum_sp";"RCC5937";"MK295682";"Yes";"Distributed"
"636";"Picochlorum_sp";"RCC5938";"MK295683";"Yes";"Distributed"
"637";"Picochlorum_sp";"RCC5939";"MK295684";"Yes";"Distributed"
"638";"Picochlorum_sp";"RCC5941";"MK295686";"Yes";"Distributed"
"639";"Picochlorum_sp";"RCC5947";"MK295690";"Yes";"Distributed"
"640";"Picochlorum_sp";"RCC5948";"MK295691";"Yes";"Distributed"
"641";"Picochlorum_sp";"RCC6225";"MN604339";"Yes";"Distributed"
"642";"Picochlorum_sp";"RCC6226";"MN604333";"Yes";"Distributed"
"643";"Picochlorum_sp";"RCC6228";"MN604341";"Yes";"Distributed"
"644";"Picochlorum_sp";"RCC6229";"MN604342";"Yes";"Distributed"
"645";"Picochlorum_sp";"RCC6230";"MN604343";"Yes";"Distributed"
"646";"Proteomonas_sp";"RCC439";"AY665982";"Yes";"Distributed"
"647";"Hemiselmis_sp";"RCC659";"KT860554";"Yes";"Distributed"
"648";"Hemiselmis_sp";"RCC659";"KT878682";"Yes";"Distributed"
"649";"Hemiselmis_sp";"RCC659";"MF179481";"Yes";"Distributed"
"650";"Hemiselmis_sp";"RCC659";"MF179475";"Yes";"Distributed"
"651";"Hemiselmis_sp";"RCC660";"KT878715";"No";"Lost"
"652";"Rhodomonas_sp";"RCC662";"KT861326";"Yes";"Distributed"
"653";"Teleaulax_sp";"RCC815";"KT860555";"No";"Lost"
"654";"Teleaulax_sp";"RCC816";"MF179478";"Yes";"Distributed"
"655";"Rhinomonas_sp";"RCC821";"KT860556";"Yes";"Distributed"
"656";"Rhodomonas_sp";"RCC822";"KT861342";"No";"NotDistributed"
"657";"Hemiselmis_sp";"RCC1938";"KT861345";"No";"Lost"
"658";"Rhodomonas_sp";"RCC1978";"KT861341";"Yes";"Distributed"
"659";"Rhodomonas_sp";"RCC1998";"KT861340";"Yes";"Distributed"
"660";"Rhodomonas_sp";"RCC2001";"KT861339";"No";"NotDistributed"
"661";"Rhodomonas_sp";"RCC2007";"KT861338";"Yes";"Distributed"
"662";"Rhodomonas_sp";"RCC2018";"KT861337";"Yes";"Distributed"
"663";"Rhodomonas_sp";"RCC2019";"KT861336";"Yes";"Distributed"
"664";"Rhodomonas_sp";"RCC2020";"JN934672";"Yes";"Distributed"
"665";"Rhodomonas_sp";"RCC2044";"KT861335";"Yes";"Distributed"
"666";"Rhodomonas_sp";"RCC2045";"KT861334";"Yes";"Distributed"
"667";"Pyrenomonadales_XX_sp";"RCC2334";"KT861328";"No";"Lost"
"668";"Proteomonas_sp";"RCC2341";"KT861327";"No";"NotDistributed"
"669";"Rhodomonas_sp";"RCC2513";"KT861333";"Yes";"Distributed"
"670";"Rhodomonas_sp";"RCC2516";"KT861332";"Yes";"Distributed"
"671";"Rhodomonas_sp";"RCC2603";"KT861331";"Yes";"Distributed"
"672";"Hemiselmis_sp";"RCC2614";"KT861344";"Yes";"Distributed"
"673";"Hemiselmis_sp";"RCC2614";"MF179473";"Yes";"Distributed"
"674";"Hemiselmis_sp";"RCC2614";"MF574711";"No";"Lost"
"675";"Rhodomonas_sp";"RCC2626";"KT861330";"Yes";"Distributed"
"676";"Rhodomonas_sp";"RCC2944";"KT861329";"Yes";"Distributed"
"677";"Hemiselmis_cf_virescens";"RCC3575";"MF179477";"Yes";"Distributed"
"678";"Hemiselmis_cf_virescens";"RCC3575";"MF574715";"Yes";"Distributed"
"679";"Hemiselmis_sp";"RCC4099";"MF179482";"Yes";"Distributed"
"680";"Hemiselmis_aquamarina";"RCC4102";"MF179476";"Yes";"Distributed"
"681";"Hemiselmis_sp";"RCC4216";"MH792073";"Yes";"Distributed"
"682";"Hemiselmis_sp";"RCC4216";"MF179474";"Yes";"Distributed"
"683";"Rhodomonas_sp";"RCC4444";"MH792106";"Yes";"Distributed"
"684";"Proteomonas_sp";"RCC4474";"KT878697";"Yes";"Distributed"
"685";"Rhodomonas_sp";"RCC4784";"KX602216";"No";"Lost"
"686";"Teleaulax_sp";"RCC4841";"KY095007";"Yes";"Distributed"
"687";"Teleaulax_sp";"RCC4841";"KY095059";"Yes";"Distributed"
"688";"Cryptophyceae_XXX_sp";"RCC4843";"KY095013";"Yes";"Distributed"
"689";"Rhodomonas_sp";"RCC4847";"KY095062";"Yes";"Distributed"
"690";"Rhodomonas_sp";"RCC4848";"KY095005";"Yes";"Distributed"
"691";"Teleaulax_sp";"RCC4857";"KY095065";"Yes";"Distributed"
"692";"";"RCC5233";"MH764714";"No";"NotFound"
"693";"Baffinella_frigidus";"RCC5236";"MH764717";"Yes";"Distributed"
"694";"Rhodomonas_sp";"RCC5237";"MH764718";"Yes";"Distributed"
"695";"Baffinella_frigidus";"RCC5246";"MH764727";"No";"NotFound"
"696";"";"RCC5255";"MH764736";"No";"NotFound"
"697";"";"RCC5257";"MH764738";"No";"NotFound"
"698";"";"RCC5263";"MH764744";"No";"NotFound"
"699";"Rhodomonas_sp";"RCC5274";"MH764754";"Yes";"Distributed"
"700";"";"RCC5289";"MH764768";"No";"NotFound"
"701";"Baffinella_frigidus";"RCC5310";"MH764785";"Yes";"Distributed"
"702";"Rhodomonas_sp";"RCC5322";"MH764796";"Yes";"Distributed"
"703";"Baffinella_frigidus";"RCC5414";"MH764866";"Yes";"Distributed"
"704";"Baffinella_frigidus";"RCC5415";"MH764867";"Yes";"Distributed"
"705";"Rhodomonas_sp";"RCC5416";"MH764868";"Yes";"Distributed"
"706";"Baffinella_frigidus";"RCC5484";"MH764928";"Yes";"Distributed"
"707";"Baffinella_frigidus";"RCC5485";"MH764929";"Yes";"Distributed"
"708";"Rhodomonas_sp";"RCC5528";"MH764969";"Yes";"Distributed"
"709";"Rhodomonas_sp";"RCC5610";"MH765042";"Yes";"Distributed"
"710";"Hemiselmis_sp";"RCC5942";"MK295687";"Yes";"Distributed"
"711";"Hemiselmis_sp";"RCC5943";"MK295688";"Yes";"Distributed"
"712";"Hemiselmidaceae_X_sp";"RCC5949";"MK295692";"Yes";"Distributed"
"713";"Hemiselmis_sp";"RCC6130";"MN121038";"No";"NotFound"
"714";"Proteomonas_sp";"RCC6264";"MN604346";"Yes";"Distributed"
"715";"Proteomonas_sp";"RCC6266";"MN604347";"Yes";"Distributed"
"716";"Rhodomonas_sp";"RCC6297";"MN604361";"Yes";"Distributed"
"717";"Rhodomonas_salina";"RCC6434";"MN604360";"Yes";"Distributed"
"718";"Teleaulax_acuta";"RCC6441";"MN604363";"Yes";"Distributed"
"719";"Tisochrysis_lutea";"RCC90";"KT861288";"Yes";"Distributed"
"720";"Chrysochromulina_acantha";"RCC339";"KT861299";"No";"Lost"
"721";"Emiliania_huxleyi";"RCC362";"KT878668";"No";"Lost"
"722";"Chrysochromulina_sp";"RCC390";"KT878670";"No";"Lost"
"723";"Chrysochromulina_sp";"RCC400";"KT861300";"No";"NotDistributed"
"724";"Dicrateria_rotunda";"RCC401";"KT861304";"Yes";"Distributed"
"725";"Dicrateria_rotunda";"RCC406";"KT861305";"Yes";"Distributed"
"726";"Dicrateria_rotunda";"RCC415";"KT878673";"No";"Lost"
"727";"Dicrateria_rotunda";"RCC416";"KT861306";"No";"NotDistributed"
"728";"Dicrateria_rotunda";"RCC430";"KT861307";"No";"NotDistributed"
"729";"Emiliania_huxleyi";"RCC458";"KT861251";"Yes";"Cryopreserved"
"730";"Dicrateria_sp";"RCC470";"KT878677";"Yes";"Distributed"
"731";"Dicrateria_rotunda";"RCC471";"KT861309";"No";"Lost"
"732";"Emiliania_huxleyi";"RCC502";"KT861252";"Yes";"Cryopreserved"
"733";"Emiliania_huxleyi";"RCC538";"KT861253";"Yes";"Cryopreserved"
"734";"Chrysochromulina_acantha";"RCC574";"KT861301";"Yes";"Distributed"
"735";"Chrysochromulina_sp";"RCC656";"KT861302";"Yes";"Distributed"
"736";"Dicrateria_rotunda";"RCC671";"KT861310";"No";"Lost"
"737";"Phaeocystis_globosa";"RCC678";"JX660989";"Yes";"Distributed"
"738";"Dicrateria_rotunda";"RCC704";"KT861311";"Yes";"Distributed"
"739";"Phaeocystis_globosa";"RCC851";"EU106737";"No";"Lost"
"740";"Phaeocystis_globosa";"RCC861";"EU106745";"No";"Lost"
"741";"Emiliania_huxleyi";"RCC867";"EU106748";"No";"Lost"
"742";"Emiliania_huxleyi";"RCC868";"EU106749";"Yes";"Cryopreserved"
"743";"Phaeocystis_globosa";"RCC870";"EU106751";"No";"Lost"
"744";"Phaeocystis_globosa";"RCC872";"KT878684";"No";"Lost"
"745";"Emiliania_huxleyi";"RCC874";"KT861254";"Yes";"Cryopreserved"
"746";"Phaeocystis_globosa";"RCC882";"EU106757";"No";"Lost"
"747";"Phaeocystis_jahnii";"RCC908";"EU106761";"No";"NotDistributed"
"748";"Phaeocystis_jahnii";"RCC908";"JX660990";"No";"NotDistributed"
"749";"Emiliania_huxleyi";"RCC909";"KT861255";"Yes";"Distributed"
"750";"Emiliania_huxleyi";"RCC911";"EU106763";"Yes";"Cryopreserved"
"751";"Emiliania_huxleyi";"RCC912";"EU106764";"No";"Lost"
"752";"Emiliania_huxleyi";"RCC914";"EU106766";"Yes";"Cryopreserved"
"753";"Dicrateria_sp";"RCC918";"KF899845";"No";"NotDistributed"
"754";"Emiliania_huxleyi";"RCC920";"EU106770";"No";"Lost"
"755";"Emiliania_huxleyi";"RCC921";"EU106771";"Yes";"Distributed"
"756";"Phaeocystis_jahnii";"RCC925";"EU106773";"Yes";"Distributed"
"757";"Phaeocystis_jahnii";"RCC935";"EU106782";"Yes";"Distributed"
"758";"Phaeocystis_globosa";"RCC940";"EU106787";"Yes";"Distributed"
"759";"Emiliania_huxleyi";"RCC948";"EU106793";"Yes";"Cryopreserved"
"760";"Emiliania_huxleyi";"RCC951";"EU106795";"No";"Lost"
"761";"Emiliania_huxleyi";"RCC955";"KT861256";"Yes";"Distributed"
"762";"Emiliania_huxleyi";"RCC956";"KT861257";"Yes";"Cryopreserved"
"763";"Emiliania_huxleyi";"RCC957";"KT861258";"No";"Lost"
"764";"Emiliania_huxleyi";"RCC958";"EU106797";"Yes";"Cryopreserved"
"765";"Emiliania_huxleyi";"RCC962";"EU106798";"Yes";"Cryopreserved"
"766";"Emiliania_huxleyi";"RCC963";"KT861259";"Yes";"Cryopreserved"
"767";"Phaeocystis_globosa";"RCC992";"EU106819";"No";"Lost"
"768";"Phaeocystis_globosa";"RCC993";"EU106820";"Yes";"Distributed"
"769";"Phaeocystis_globosa";"RCC1000";"EU106826";"Yes";"Distributed"
"770";"Phaeocystis_globosa";"RCC1000";"JX660991";"Yes";"Distributed"
"771";"Emiliania_huxleyi";"RCC1001";"EU106827";"No";"Lost"
"772";"Phaeocystis_globosa";"RCC1002";"KT861293";"No";"Lost"
"773";"Phaeocystis_globosa";"RCC1006";"EU106828";"No";"Lost"
"774";"Phaeocystis_globosa";"RCC1033";"EU106836";"Yes";"Distributed"
"775";"Dicrateria_rotunda";"RCC1042";"KT861312";"No";"NotDistributed"
"776";"Calcidiscus_leptoporus";"RCC1130";"KF422619";"Yes";"Distributed"
"777";"Helicosphaera_carteri";"RCC1333";"KF422620";"Yes";"Distributed"
"778";"Phaeocystis_cordata";"RCC1383";"JX660992";"Yes";"Distributed"
"779";"Scyphosphaera_apsteinii";"RCC1455";"KT861320";"Yes";"Distributed"
"780";"Syrascophaera_pulchra";"RCC1461";"KF422621";"Yes";"Distributed"
"781";"Phaeocystis_globosa";"RCC1617";"KT861294";"No";"Lost"
"782";"Phaeocystis_globosa";"RCC1619";"KT861295";"Yes";"Distributed"
"783";"Phaeocystis_globosa";"RCC1718";"KT861291";"No";"Lost"
"784";"Dicrateria_rotunda";"RCC1722";"KT861313";"No";"NotDistributed"
"785";"Dicrateria_rotunda";"RCC1723";"KT861314";"No";"NotDistributed"
"786";"Phaeocystis_jahnii";"RCC1725";"KT861296";"Yes";"Distributed"
"787";"Emiliania_huxleyi";"RCC1726";"KT861260";"Yes";"Cryopreserved"
"788";"Dicrateria_rotunda";"RCC1728";"KT861315";"No";"NotDistributed"
"789";"Phaeocystis_globosa";"RCC1729";"KT861297";"Yes";"Distributed"
"790";"Phaeocystis_globosa";"RCC1737";"JX660993";"Yes";"Distributed"
"791";"Emiliania_huxleyi";"RCC1744";"KT861261";"Yes";"Cryopreserved"
"792";"Emiliania_huxleyi";"RCC1745";"KT861262";"Yes";"Cryopreserved"
"793";"Emiliania_huxleyi";"RCC1746";"KT861263";"Yes";"Cryopreserved"
"794";"Emiliania_huxleyi";"RCC1747";"KT861264";"Yes";"Cryopreserved"
"795";"Emiliania_huxleyi";"RCC1752";"KT861265";"Yes";"Cryopreserved"
"796";"Emiliania_huxleyi";"RCC1753";"KT861266";"Yes";"Cryopreserved"
"797";"Emiliania_huxleyi";"RCC1754";"KT861267";"Yes";"Cryopreserved"
"798";"Emiliania_huxleyi";"RCC1756";"KT861268";"Yes";"Cryopreserved"
"799";"Emiliania_huxleyi";"RCC1758";"KT861269";"Yes";"Cryopreserved"
"800";"Emiliania_huxleyi";"RCC1759";"KT861270";"Yes";"Cryopreserved"
"801";"Emiliania_huxleyi";"RCC1760";"KT861271";"Yes";"Cryopreserved"
"802";"Emiliania_huxleyi";"RCC1762";"KT861272";"Yes";"Cryopreserved"
"803";"Emiliania_huxleyi";"RCC1763";"KT861273";"Yes";"Cryopreserved"
"804";"Emiliania_huxleyi";"RCC1764";"KT861274";"Yes";"Cryopreserved"
"805";"Phaeocystis_globosa";"RCC1869";"KT861298";"Yes";"Distributed"
"806";"Phaeocystis_globosa";"RCC1933";"KT861292";"No";"NotDistributed"
"807";"Prymnesium_sp";"RCC1941";"KT861317";"No";"Lost"
"808";"Prymnesium_sp";"RCC1948";"KT861318";"No";"Lost"
"809";"Isochrysis_sp";"RCC1956";"KT861289";"No";"Lost"
"810";"Ochrosphaera_neapolitana";"RCC1963";"KT861234";"No";"Lost"
"811";"Ochrosphaera_neapolitana";"RCC1964";"KT861235";"No";"Lost"
"812";"Ochrosphaera_neapolitana";"RCC1965";"KT861236";"No";"Lost"
"813";"Ochrosphaera_neapolitana";"RCC1966";"KT861237";"No";"Lost"
"814";"Hymenomonas_coronata";"RCC1971";"KT861233";"No";"Lost"
"815";"Dicrateria_rotunda";"RCC2298";"JN934681";"Yes";"Distributed"
"816";"Haptolina_hirta";"RCC2299";"KT861303";"Yes";"Distributed"
"817";"Haptolina_hirta";"RCC2300";"JF794056";"Yes";"Distributed"
"818";"Haptolina_hirta";"RCC2300";"JF812342";"Yes";"Distributed"
"819";"Chrysolita_sp";"RCC2476";"KT861250";"No";"NotDistributed"
"820";"Isochrysis_nuda";"RCC2477";"KT861287";"No";"NotDistributed"
"821";"Dicrateria_rotunda";"RCC2504";"KT861308";"No";"NotFound"
"822";"Emiliania_huxleyi";"RCC2611";"KT861275";"Yes";"Distributed"
"823";"Emiliania_huxleyi";"RCC2615";"KT861276";"Yes";"Distributed"
"824";"Emiliania_huxleyi";"RCC2620";"KT861277";"Yes";"Distributed"
"825";"Emiliania_huxleyi";"RCC2621";"KT861278";"Yes";"Cryopreserved"
"826";"Emiliania_huxleyi";"RCC2632";"KT861279";"Yes";"Cryopreserved"
"827";"Emiliania_huxleyi";"RCC2633";"KT861319";"No";"Lost"
"828";"Emiliania_huxleyi";"RCC2634";"KT861280";"Yes";"Cryopreserved"
"829";"Emiliania_huxleyi";"RCC2635";"KT861281";"Yes";"Cryopreserved"
"830";"Emiliania_huxleyi";"RCC2637";"KT861282";"Yes";"Cryopreserved"
"831";"Emiliania_huxleyi";"RCC2639";"KT861283";"Yes";"Cryopreserved"
"832";"Ochrosphaera_neapolitana";"RCC2690";"KT861238";"Yes";"Distributed"
"833";"Ochrosphaera_neapolitana";"RCC2691";"KT861239";"Yes";"Distributed"
"834";"Isochrysis_sp";"RCC2692";"KT861290";"Yes";"Distributed"
"835";"Ochrosphaera_neapolitana";"RCC2698";"KT861240";"Yes";"Distributed"
"836";"Emiliania_huxleyi";"RCC2937";"KT861284";"Yes";"Cryopreserved"
"837";"Emiliania_huxleyi";"RCC2938";"KT861285";"Yes";"Cryopreserved"
"838";"Emiliania_huxleyi";"RCC2941";"KT861286";"Yes";"Cryopreserved"
"839";"Ochrosphaera_neapolitana";"RCC2954";"KT861241";"Yes";"Distributed"
"840";"Ochrosphaera_sp";"RCC2959";"KT861242";"Yes";"Distributed"
"841";"Ochrosphaera_neapolitana";"RCC2970";"KT861243";"Yes";"Distributed"
"842";"Ochrosphaera_neapolitana";"RCC2971";"KT861244";"Yes";"Distributed"
"843";"Ochrosphaera_neapolitana";"RCC2972";"KT861245";"Yes";"Distributed"
"844";"Ochrosphaera_neapolitana";"RCC2973";"KT861246";"Yes";"Distributed"
"845";"Ochrosphaera_neapolitana";"RCC2974";"KT861247";"Yes";"Distributed"
"846";"Ochrosphaera_neapolitana";"RCC2975";"KT861248";"Yes";"Distributed"
"847";"Ochrosphaera_neapolitana";"RCC2976";"KT861249";"Yes";"Distributed"
"848";"Cruciplacolithus_neohelis";"RCC2977";"KT861231";"Yes";"Distributed"
"849";"Cruciplacolithus_neohelis";"RCC2978";"KT861232";"Yes";"Distributed"
"850";"Dicrateria_rotunda";"RCC3050";"KT861316";"No";"Lost"
"851";"Gephyrocapsa_ericsonii";"RCC4032";"KX056532";"Yes";"Distributed"
"852";"Reticulofenestra_parvula";"RCC4033";"KX056533";"Yes";"Distributed"
"853";"Reticulofenestra_parvula";"RCC4034";"KX056534";"Yes";"Distributed"
"854";"Reticulofenestra_parvula";"RCC4035";"KX056535";"Yes";"Distributed"
"855";"Reticulofenestra_parvula";"RCC4036";"KX056536";"Yes";"Distributed"
"856";"Isochrysis_sp";"RCC4207";"MH792074";"Yes";"Distributed"
"857";"Chrysochromulina_sp";"RCC4210";"MH792070";"Yes";"Distributed"
"858";"Dicrateria_rotunda";"RCC4214";"MH792071";"Yes";"Distributed"
"859";"Dicrateria_rotunda";"RCC4426";"KX523145";"Yes";"Distributed"
"860";"Emiliania_huxleyi";"RCC4443";"KX523158";"Yes";"Distributed"
"861";"Dicrateria_rotunda";"RCC4452";"KT878691";"No";"Lost"
"862";"Dicrateria_rotunda";"RCC4477";"KT878700";"Yes";"Distributed"
"863";"Dicrateria_rotunda";"RCC4478";"KT878701";"Yes";"Distributed"
"864";"Emiliania_huxleyi";"RCC4498";"MH792072";"Yes";"Distributed"
"865";"Phaeocystis_sp";"RCC4499";"MH792078";"Yes";"Distributed"
"866";"Dicrateria_rotunda";"RCC4500";"KT884462";"Yes";"Distributed"
"867";"Dicrateria_rotunda";"RCC4501";"KT884464";"Yes";"Distributed"
"868";"Emiliania_huxleyi";"RCC4549";"KX014628";"Yes";"Distributed"
"869";"Emiliania_huxleyi";"RCC4560";"KX014634";"Yes";"Distributed"
"870";"Emiliania_huxleyi";"RCC4567";"KX014640";"No";"NotFound"
"871";"Dicrateria_rotunda";"RCC4575";"KX014646";"Yes";"Distributed"
"872";"Dicrateria_rotunda";"RCC4576";"KX014647";"Yes";"Distributed"
"873";"Dicrateria_rotunda";"RCC4577";"KX014648";"Yes";"Distributed"
"874";"Dicrateria_rotunda";"RCC4578";"KX014649";"Yes";"Distributed"
"875";"Phaeocystis_globosa";"RCC4579";"KX014650";"No";"Lost"
"876";"Phaeocystis_globosa";"RCC4639";"KX523160";"No";"NotDistributed"
"877";"Phaeocystis_globosa";"RCC4640";"KX523161";"Yes";"Distributed"
"878";"Phaeocystis_globosa";"RCC4641";"KX523162";"Yes";"Distributed"
"879";"Phaeocystis_globosa";"RCC4642";"KX523163";"Yes";"Distributed"
"880";"Dicrateria_rotunda";"RCC4644";"KX523164";"No";"Lost"
"881";"Dicrateria_rotunda";"RCC4780";"KX602212";"Yes";"Distributed"
"882";"Phaeocystis_sp";"RCC4814";"KY095035";"Yes";"Distributed"
"883";"Phaeocystis_sp";"RCC4818";"KY095039";"Yes";"Distributed"
"884";"Pseudohaptolina_sorokinii";"RCC5268";"MH764749";"Yes";"Distributed"
"885";"Pseudohaptolina_sorokinii";"RCC5270";"MH764751";"Yes";"Distributed"
"886";"Pseudohaptolina_sorokinii";"RCC5270";"MT311519";"Yes";"Distributed"
"887";"Isochrysis_galbana";"RCC5353";"MH764819";"Yes";"Distributed"
"888";"Isochrysis_sp";"RCC5486";"MH764930";"Yes";"Distributed"
"889";"Isochrysis_galbana";"RCC5487";"MH764931";"Yes";"Distributed"
"890";"Dicrateria_sp";"RCC5635";"MH764620";"No";"Lost"
"891";"Dicrateria_sp";"RCC5636";"MH764621";"Yes";"Distributed"
"892";"Dicrateria_sp";"RCC5637";"MH764622";"Yes";"Distributed"
"893";"Dicrateria_sp";"RCC5638";"MH764623";"No";"Lost"
"894";"Dicrateria_sp";"RCC5639";"MH764624";"Yes";"Distributed"
"895";"Phaeocystis_sp";"RCC5646";"MH764663";"Yes";"Distributed"
"896";"Phaeocystis_sp";"RCC5647";"MH764664";"No";"Lost"
"897";"Emiliania_huxleyi";"RCC5653";"MH764614";"Yes";"Distributed"
"898";"Emiliania_huxleyi";"RCC5654";"MH764615";"Yes";"Distributed"
"899";"Emiliania_huxleyi";"RCC5656";"MH764619";"Yes";"Distributed"
"900";"Dicrateria_sp";"RCC5657";"MH764625";"No";"Lost"
"901";"Emiliania_huxleyi";"RCC5663";"MH764616";"Yes";"Distributed"
"902";"Phaeocystis_sp";"RCC5680";"MH764665";"Yes";"Distributed"
"903";"Phaeocystis_sp";"RCC5682";"MH764666";"Yes";"Distributed"
"904";"Emiliania_huxleyi";"RCC5689";"MH764617";"Yes";"Distributed"
"905";"Emiliania_huxleyi";"RCC5723";"MH764618";"Yes";"Distributed"
"906";"Phaeocystis_globosa";"RCC6045";"MK542677";"Yes";"Distributed"
"907";"Emiliania_huxleyi";"RCC6052";"MK542682";"Yes";"Distributed"
"908";"Emiliania_huxleyi";"RCC6071";"MK542696";"Yes";"Distributed"
"909";"Emiliania_huxleyi";"RCC6133";"MN121040";"Yes";"Distributed"
"910";"Umbilicosphaera_foliosa";"RCC6252";"MN604364";"Yes";"Distributed"
"911";"Umbilicosphaera_foliosa";"RCC6255";"MN604365";"Yes";"Distributed"
"912";"Calyptrosphaera_sp";"RCC6258";"MN604348";"Yes";"Distributed"
"913";"Umbilicosphaera_foliosa";"RCC6261";"MN604366";"No";"Lost"
"914";"Calyptrosphaera_sp";"RCC6262";"MN604349";"Yes";"Distributed"
"915";"Prymnesium_sp";"RCC6265";"MN604353";"Yes";"Distributed"
"916";"Prymnesium_sp";"RCC6268";"MN604354";"Yes";"Distributed"
"917";"Calyptrosphaera_sp";"RCC6270";"MN604350";"Yes";"Distributed"
"918";"Calyptrosphaera_sp";"RCC6271";"MN604351";"Yes";"Distributed"
"919";"Umbilicosphaera_foliosa";"RCC6275";"MN604367";"No";"Lost"
"920";"Emiliania_huxleyi";"RCC6277";"MN604335";"Yes";"Distributed"
"921";"Emiliania_huxleyi";"RCC6278";"MN604336";"Yes";"Distributed"
"922";"Calyptrosphaera_sp";"RCC6294";"MN604332";"Yes";"Distributed"
"923";"Prymnesium_sp";"RCC6295";"MN604355";"Yes";"Distributed"
"924";"Prymnesium_sp";"RCC6296";"MN604356";"Yes";"Distributed"
"925";"Prymnesium_sp";"RCC6298";"MN604357";"No";"NotDistributed"
"926";"Phaeocystis_sp";"RCC6665";"MN604338";"Yes";"Distributed"
"927";"Prymnesium_polylepis";"RCC6738";"MN604352";"Yes";"Distributed"
"928";"Emiliania_huxleyi";"RCC6856";"MN824007";"Yes";"Distributed"
"929";"Aerococcus_anophagefferens";"RCC96";"AF118443";"Yes";"Distributed"
"930";"Pelagococcus_subviridis";"RCC98";"U14386";"No";"Lost"
"931";"Pelagomonas_calceolata";"RCC100";"U14389";"Yes";"Distributed"
"932";"Pelagomonas_calceolata";"RCC108";"KT860968";"Yes";"Distributed"
"933";"Chrysoreinhardia_giraudii";"RCC112";"U78033";"Yes";"Distributed"
"934";"Pelagomonas_calceolata";"RCC341";"KT861165";"Yes";"Distributed"
"935";"Pelagomonas_calceolata";"RCC518";"KT860974";"Yes";"Cryopreserved"
"936";"Pelagomonas_calceolata";"RCC697";"KT860978";"Yes";"Distributed"
"937";"Pelagomonas_calceolata";"RCC698";"KT861135";"Yes";"Distributed"
"938";"Pelagomonas_calceolata";"RCC699";"KT861136";"Yes";"Distributed"
"939";"Pelagomonas_calceolata";"RCC706";"KT861037";"Yes";"Distributed"
"940";"Pelagomonadales_clade_B_X_sp";"RCC707";"KT861038";"Yes";"Distributed"
"941";"Pelagomonadales_clade_B_X_sp";"RCC732";"KT861035";"Yes";"Distributed"
"942";"Pelagomonas_calceolata";"RCC850";"KT860985";"Yes";"Cryopreserved"
"943";"Pelagomonas_calceolata";"RCC855";"EU106740";"No";"Lost"
"944";"Pelagomonas_calceolata";"RCC858";"KT861044";"Yes";"Cryopreserved"
"945";"Pelagomonas_calceolata";"RCC860";"EU106744";"No";"Lost"
"946";"Pelagomonas_calceolata";"RCC864";"KT861045";"No";"Lost"
"947";"Pelagomonas_calceolata";"RCC865";"EU106747";"No";"Lost"
"948";"Pelagomonas_calceolata";"RCC869";"EU106750";"Yes";"Cryopreserved"
"949";"Pelagomonas_calceolata";"RCC871";"EU106752";"Yes";"Cryopreserved"
"950";"Pelagomonas_calceolata";"RCC873";"KT861046";"Yes";"Distributed"
"951";"Pelagomonas_calceolata";"RCC875";"EU106753";"No";"Lost"
"952";"Pelagophyceae_XXX_sp";"RCC877";"KT861047";"No";"Lost"
"953";"Pelagomonas_calceolata";"RCC878";"KT861048";"No";"Lost"
"954";"Pelagomonas_calceolata";"RCC879";"EU106754";"Yes";"Distributed"
"955";"Pelagomonas_calceolata";"RCC880";"EU106755";"Yes";"Cryopreserved"
"956";"Pelagomonas_calceolata";"RCC881";"EU106756";"Yes";"Cryopreserved"
"957";"Pelagomonas_calceolata";"RCC883";"EU106758";"No";"Lost"
"958";"Pelagomonas_calceolata";"RCC884";"EU106759";"Yes";"Cryopreserved"
"959";"Pelagomonas_calceolata";"RCC888";"KT861138";"Yes";"Distributed"
"960";"Pelagomonas_calceolata";"RCC915";"EU106767";"Yes";"Distributed"
"961";"Pelagomonadaceae_clade_D2_sp";"RCC919";"KT861049";"No";"Lost"
"962";"Pelagomonas_calceolata";"RCC924";"KT860988";"Yes";"Cryopreserved"
"963";"Pelagomonas_calceolata";"RCC926";"EU106774";"Yes";"Distributed"
"964";"Pelagomonas_calceolata";"RCC937";"EU106784";"Yes";"Cryopreserved"
"965";"Pelagomonas_calceolata";"RCC938";"EU106785";"Yes";"Cryopreserved"
"966";"Pelagomonas_calceolata";"RCC939";"EU106786";"Yes";"Cryopreserved"
"967";"Pelagomonas_calceolata";"RCC943";"EU106789";"Yes";"Cryopreserved"
"968";"Pelagomonas_calceolata";"RCC949";"KT861050";"No";"Lost"
"969";"Pelagomonas_calceolata";"RCC953";"EU106796";"Yes";"Cryopreserved"
"970";"Pelagomonas_calceolata";"RCC954";"KT861051";"Yes";"Cryopreserved"
"971";"Pelagomonas_calceolata";"RCC968";"EU106802";"No";"Lost"
"972";"Pelagomonas_calceolata";"RCC969";"EU106803";"Yes";"Distributed"
"973";"Pelagomonas_calceolata";"RCC969";"KT861109";"Yes";"Distributed"
"974";"Pelagomonas_calceolata";"RCC970";"EU106804";"No";"Lost"
"975";"Pelagomonas_calceolata";"RCC971";"EU106805";"Yes";"Cryopreserved"
"976";"Pelagomonas_calceolata";"RCC972";"EU106806";"Yes";"Distributed"
"977";"Pelagomonas_calceolata";"RCC973";"EU106807";"No";"Lost"
"978";"Pelagomonas_calceolata";"RCC974";"EU106808";"Yes";"Cryopreserved"
"979";"Pelagomonas_calceolata";"RCC975";"EU106809";"Yes";"Distributed"
"980";"Pelagomonas_calceolata";"RCC976";"EU106810";"No";"Lost"
"981";"Pelagomonas_calceolata";"RCC977";"EU106811";"No";"Lost"
"982";"Pelagomonas_calceolata";"RCC979";"EU106812";"Yes";"Cryopreserved"
"983";"Pelagomonas_calceolata";"RCC980";"EU106813";"Yes";"Cryopreserved"
"984";"Pelagomonas_calceolata";"RCC981";"EU106814";"Yes";"Distributed"
"985";"Pelagomonas_calceolata";"RCC982";"KT861052";"No";"Lost"
"986";"Pelagomonas_calceolata";"RCC984";"KT861053";"Yes";"Cryopreserved"
"987";"Pelagomonas_calceolata";"RCC985";"EU106816";"Yes";"Cryopreserved"
"988";"Pelagomonas_calceolata";"RCC985";"EU106815";"Yes";"Cryopreserved"
"989";"Pelagomonadaceae_clade_C_sp";"RCC986";"EU106817";"Yes";"Distributed"
"990";"Pelagomonas_calceolata";"RCC988";"EU106818";"Yes";"Distributed"
"991";"Pelagomonas_calceolata";"RCC989";"KT861054";"No";"Lost"
"992";"Pelagomonas_calceolata";"RCC990";"KT861078";"Yes";"Cryopreserved"
"993";"Pelagomonas_calceolata";"RCC991";"KT861079";"Yes";"Cryopreserved"
"994";"Pelagomonas_calceolata";"RCC995";"EU106821";"Yes";"Distributed"
"995";"Pelagomonas_calceolata";"RCC1010";"EU106831";"No";"Lost"
"996";"Pelagomonas_calceolata";"RCC1013";"EU106832";"No";"Lost"
"997";"Pelagomonadaceae_clade_C_sp";"RCC1024";"EU106834";"Yes";"Distributed"
"998";"Pelagomonadaceae_clade_C_sp";"RCC1024";"KT861111";"Yes";"Distributed"
"999";"Pelagomonas_calceolata";"RCC1035";"KT861039";"Yes";"Cryopreserved"
"1000";"Pelagomonas_calceolata";"RCC1036";"KT861055";"No";"Lost"
"1001";"Pelagomonas_calceolata";"RCC1037";"KT861040";"No";"Cryopreserved"
"1002";"Pelagomonas_calceolata";"RCC1046";"KT861041";"Yes";"Cryopreserved"
"1003";"Pelagomonas_calceolata";"RCC1050";"KT861062";"Yes";"Cryopreserved"
"1004";"Pelagomonas_calceolata";"RCC1051";"KT861063";"Yes";"Distributed"
"1005";"Pelagomonas_calceolata";"RCC1052";"KT861056";"Yes";"Distributed"
"1006";"Pelagomonas_calceolata";"RCC1053";"KT878687";"No";"Lost"
"1007";"Pelagomonas_calceolata";"RCC1061";"EU106841";"Yes";"Distributed"
"1008";"Pelagomonas_calceolata";"RCC1062";"EU106842";"Yes";"Cryopreserved"
"1009";"Ankylochrysis_sp";"RCC2040";"JF794050";"Yes";"Distributed"
"1010";"Pelagomonas_calceolata";"RCC2362";"KT861095";"Yes";"Distributed"
"1011";"Ankylochrysis_sp1";"RCC2491";"KT861206";"Yes";"Distributed"
"1012";"Ankylochrysis_sp";"RCC2492";"JN934687";"No";"NotDistributed"
"1013";"Ankylochrysis_sp2";"RCC2493";"KT860993";"Yes";"Distributed"
"1014";"Ankylochrysis_sp2";"RCC2494";"KT860994";"Yes";"Distributed"
"1015";"Ankylochrysis_sp2";"RCC2495";"KT861199";"No";"NotDistributed"
"1016";"Ankylochrysis_sp2";"RCC2496";"KT860995";"Yes";"Distributed"
"1017";"Ankylochrysis_sp";"RCC2505";"JN934690";"Yes";"Distributed"
"1018";"Ankylochrysis_sp";"RCC2505";"KT860996";"Yes";"Distributed"
"1019";"Ankylochrysis_sp2";"RCC2511";"KT861000";"No";"Lost"
"1020";"Ankylochrysis_sp2";"RCC2511";"KT861225";"No";"Lost"
"1021";"Ankylochrysis_sp";"RCC2515";"KT861129";"Yes";"Distributed"
"1022";"Arachnochrysis_demoulinii";"RCC2696";"KT861121";"Yes";"Distributed"
"1023";"Chrysoreinhardia_sp";"RCC2956";"KT861126";"Yes";"Distributed"
"1024";"Pelagococcus_sp";"RCC3069";"KT861026";"Yes";"Distributed"
"1025";"Aureococcus_anophagefferens";"RCC4094";"KT585674";"Yes";"Distributed"
"1026";"Pelagomonas_calceolata";"RCC4417";"KX523138";"Yes";"Distributed"
"1027";"Pelagomonas_calceolata";"RCC4419";"KX523139";"Yes";"Distributed"
"1028";"Pelagomonas_calceolata";"RCC4420";"KX523140";"Yes";"Distributed"
"1029";"Pelagococcus_subviridis";"RCC4422";"KX523141";"Yes";"Distributed"
"1030";"Pelagomonas_calceolata";"RCC4423";"KX523142";"Yes";"Distributed"
"1031";"Pelagomonas_calceolata";"RCC4424";"KX523143";"Yes";"Distributed"
"1032";"Pelagomonas_calceolata";"RCC4425";"KX523144";"Yes";"Distributed"
"1033";"Pelagomonas_calceolata";"RCC4427";"KX523146";"Yes";"Distributed"
"1034";"Pelagomonas_calceolata";"RCC4475";"KT878698";"Yes";"Distributed"
"1035";"Pelagomonas_calceolata";"RCC4476";"KT878699";"Yes";"Distributed"
"1036";"Pelagomonas_calceolata";"RCC4548";"KX014627";"Yes";"Distributed"
"1037";"Pelagomonadaceae_clade_D1_sp";"RCC4551";"KX014629";"Yes";"Distributed"
"1038";"Ankylochrysis_sp";"RCC4552";"KX014630";"Yes";"Distributed"
"1039";"Pelagomonas_calceolata";"RCC4559";"KX014633";"Yes";"Distributed"
"1040";"Pelagomonas_calceolata";"RCC4561";"KX014635";"Yes";"Distributed"
"1041";"";"RCC4562";"KX014636";"No";"NotFound"
"1042";"";"RCC4563";"KX014637";"No";"NotFound"
"1043";"Pelagomonas_calceolata";"RCC4564";"KX014638";"Yes";"Distributed"
"1044";"Pelagomonas_calceolata";"RCC4566";"KX014639";"Yes";"Distributed"
"1045";"Andersenia_nodulosa";"RCC4632";"KP178602";"Yes";"Distributed"
"1046";"Pelagomonas_calceolata";"RCC4647";"KX523165";"Yes";"Distributed"
"1047";"Pelagomonas_calceolata";"RCC4648";"KX523166";"Yes";"Distributed"
"1048";"Pelagomonas_calceolata";"RCC4649";"KX523167";"Yes";"Distributed"
"1049";"Pelagophyceae_XXX_sp";"RCC4650";"KX523168";"Yes";"Distributed"
"1050";"Ankylochrysis_sp1";"RCC4782";"KX602214";"Yes";"Distributed"
"1051";"Ankylochrysis_sp";"RCC5251";"MH764732";"Yes";"Distributed"
"1052";"Ankylochrysis_sp";"RCC5254";"MH764735";"Yes";"Distributed"
"1053";"Ankylochrysis_sp";"RCC5256";"MH764737";"Yes";"Distributed"
"1054";"Pelagomonadales_clade_B_X_sp";"RCC5271";"MH764752";"Yes";"Distributed"
"1055";"Ankylochrysis_sp";"RCC5276";"MH764756";"Yes";"Distributed"
"1056";"Ankylochrysis_sp";"RCC5277";"MH764757";"Yes";"Distributed"
"1057";"Ankylochrysis_sp1";"RCC5282";"MH764762";"Yes";"Distributed"
"1058";"Ankylochrysis_sp";"RCC5288";"MH764767";"Yes";"Distributed"
"1059";"Ankylochrysis_sp";"RCC5292";"MH764771";"Yes";"Distributed"
"1060";"Ankylochrysis_sp";"RCC5300";"MH764777";"Yes";"Distributed"
"1061";"Ankylochrysis_sp";"RCC5330";"MH764803";"Yes";"Distributed"
"1062";"Ankylochrysis_sp";"RCC5450";"MH764898";"Yes";"Distributed"
"1063";"Ankylochrysis_sp";"RCC5451";"MH764899";"No";"NotDistributed"
"1064";"Ankylochrysis_sp";"RCC5452";"MH764900";"No";"Lost"
"1065";"Pelagomonadales_clade_A1_sp";"RCC5488";"MH764932";"Yes";"Distributed"
"1066";"Ankylochrysis_sp";"RCC5563";"MH765000";"No";"Lost"
"1067";"Pelagococcus_subviridis";"RCC5640";"MH764628";"Yes";"Distributed"
"1068";"Pelagococcus_subviridis";"RCC5641";"MH764629";"Yes";"Distributed"
"1069";"Pelagococcus_sp";"RCC5642";"MH764630";"Yes";"Distributed"
"1070";"Pelagococcus_subviridis";"RCC5643";"MH764631";"Yes";"Distributed"
"1071";"Pelagococcus_subviridis";"RCC5644";"MH764632";"Yes";"Distributed"
"1072";"Pelagococcus_sp";"RCC5645";"MH764633";"Yes";"Distributed"
"1073";"Pelagococcus_subviridis";"RCC5658";"MH764634";"Yes";"Distributed"
"1074";"Pelagococcus_subviridis";"RCC5659";"MH764635";"Yes";"Distributed"
"1075";"Pelagococcus_sp";"RCC5660";"MH764636";"Yes";"Distributed"
"1076";"Pelagococcus_sp";"RCC5661";"MH764637";"Yes";"Distributed"
"1077";"Pelagococcus_sp";"RCC5664";"MH764638";"Yes";"Distributed"
"1078";"Pelagococcus_sp";"RCC5665";"MH764639";"Yes";"Distributed"
"1079";"Pelagococcus_sp";"RCC5666";"MH764640";"Yes";"Distributed"
"1080";"Pelagomonadales_clade_B_X_sp";"RCC5667";"MH764641";"Yes";"Distributed"
"1081";"Pelagomonadaceae_clade_D2_sp";"RCC5668";"MH764651";"Yes";"Distributed"
"1082";"Pelagomonadaceae_clade_D2_sp";"RCC5669";"MH764652";"Yes";"Distributed"
"1083";"Pelagomonadales_clade_B_X_sp";"RCC5670";"MH764642";"Yes";"Distributed"
"1084";"Pelagomonadaceae_clade_C_sp";"RCC5671";"MH764654";"Yes";"Distributed"
"1085";"Pelagococcus_sp";"RCC5672";"MH764643";"Yes";"Distributed"
"1086";"Pelagomonadaceae_clade_C_sp";"RCC5673";"MH764655";"Yes";"Distributed"
"1087";"Pelagomonadaceae_clade_C_sp";"RCC5674";"MH764656";"Yes";"Distributed"
"1088";"Pelagomonadaceae_clade_C_sp";"RCC5676";"MH764657";"Yes";"Distributed"
"1089";"";"RCC5677";"MH764658";"No";"NotFound"
"1090";"Pelagomonadaceae_clade_C_sp";"RCC5678";"MH764659";"Yes";"Distributed"
"1091";"Pelagomonadaceae_clade_C_sp";"RCC5679";"MH764660";"Yes";"Distributed"
"1092";"Pelagococcus_sp";"RCC5693";"MH764644";"Yes";"Distributed"
"1093";"Pelagococcus_subviridis";"RCC5694";"MH764645";"Yes";"Distributed"
"1094";"Pelagophyceae_XXX_sp";"RCC5695";"MH764646";"Yes";"Distributed"
"1095";"Pelagococcus_subviridis";"RCC5696";"MH764647";"Yes";"Distributed"
"1096";"Pelagomonadaceae_clade_C_sp";"RCC5698";"MH764662";"Yes";"Distributed"
"1097";"Pelagococcus_subviridis";"RCC5715";"MH764648";"Yes";"Distributed"
"1098";"Pelagococcus_sp";"RCC5720";"MH764649";"Yes";"Distributed"
"1099";"Pelagococcus_sp";"RCC5724";"MH764650";"Yes";"Distributed"
"1100";"Pelagomonas_calceolata";"RCC5725";"MH764653";"Yes";"Distributed"
"1101";"Ankylochrysis_sp";"RCC6043";"MK542675";"Yes";"Distributed"
"1102";"Ankylochrysis_sp";"RCC6044";"MK542676";"Yes";"Distributed"
"1103";"Pelagococcus_subviridis";"RCC6126";"MN121034";"Yes";"Distributed"
"1104";"Pelagococcus_subviridis";"RCC6142";"MN121045";"Yes";"Distributed"
"1105";"Pelagococcus_subviridis";"RCC6145";"MN121047";"Yes";"Distributed"
"1106";"Pelagococcus_subviridis";"RCC6147";"MN121048";"Yes";"Distributed"
"1107";"Tetraselmis_sp";"RCC119";"KT860857";"Yes";"Distributed"
"1108";"Tetraselmis_sp";"RCC120";"KT860858";"Yes";"Distributed"
"1109";"Tetraselmis_sp";"RCC121";"KT860859";"Yes";"Distributed"
"1110";"Tetraselmis_sp";"RCC122";"KT860860";"Yes";"Distributed"
"1111";"Tetraselmis_sp";"RCC123";"KT860861";"Yes";"Distributed"
"1112";"Tetraselmis_sp";"RCC124";"KT860862";"Yes";"Distributed"
"1113";"Tetraselmis_sp";"RCC125";"KT860863";"Yes";"Distributed"
"1114";"Tetraselmis_sp";"RCC126";"KT860864";"Yes";"Distributed"
"1115";"Tetraselmis_sp";"RCC127";"KT860865";"Yes";"Distributed"
"1116";"Tetraselmis_chui";"RCC128";"KT860866";"Yes";"Distributed"
"1117";"Tetraselmis_chui";"RCC129";"KT860867";"Yes";"Distributed"
"1118";"Tetraselmis_striata";"RCC130";"KT860868";"Yes";"Distributed"
"1119";"Tetraselmis_striata";"RCC131";"KT860869";"Yes";"Distributed"
"1120";"Tetraselmis_rubens";"RCC132";"KT860870";"Yes";"Distributed"
"1121";"Tetraselmis_rubens";"RCC133";"KT860871";"Yes";"Distributed"
"1122";"Tetraselmis_sp";"RCC348";"KT860643";"Yes";"Distributed"
"1123";"Tetraselmis_sp";"RCC500";"AY425299";"Yes";"Distributed"
"1124";"Tetraselmis_sp";"RCC571";"KT860880";"Yes";"Distributed"
"1125";"Tetraselmis_convolutae";"RCC1563";"KT860913";"Yes";"Distributed"
"1126";"Tetraselmis_convolutae";"RCC1564";"KT860914";"Yes";"Distributed"
"1127";"Tetraselmis_sp";"RCC1755";"KT860916";"No";"NotDistributed"
"1128";"Tetraselmis_sp";"RCC1761";"KT860726";"No";"NotDistributed"
"1129";"Tetraselmis_sp";"RCC1936";"KT860727";"No";"Lost"
"1130";"Tetraselmis_sp";"RCC1942";"KT860728";"No";"Lost"
"1131";"Tetraselmis_sp";"RCC1946";"KT860729";"No";"Lost"
"1132";"Tetraselmis_sp";"RCC1947";"KT860730";"No";"Lost"
"1133";"Tetraselmis_sp";"RCC1949";"KT860731";"No";"Lost"
"1134";"Tetraselmis_sp";"RCC1975";"KT860790";"Yes";"Distributed"
"1135";"Tetraselmis_sp";"RCC1976";"KT860791";"Yes";"Distributed"
"1136";"Tetraselmis_sp";"RCC2604";"KT860822";"Yes";"Distributed"
"1137";"Tetraselmis_sp";"RCC2628";"KT860824";"Yes";"Distributed"
"1138";"Tetraselmis_sp";"RCC2629";"KT860825";"Yes";"Distributed"
"1139";"Tetraselmis_sp";"RCC4435";"KX523151";"Yes";"Distributed"
"1140";"Tetraselmis_sp";"RCC479";"MH792111";"Yes";"Distributed"
"1141";"Tetraselmis_sp";"RCC4480";"KT878702";"Yes";"Distributed"
"1142";"Tetraselmis_sp";"RCC4481";"KT878703";"Yes";"Distributed"
"1143";"Tetraselmis_sp";"RCC4484";"KT878706";"Yes";"Distributed"
"1144";"Tetraselmis_sp";"RCC4485";"KT878707";"Yes";"Distributed"
"1145";"Tetraselmis_sp";"RCC4486";"KT878708";"Yes";"Distributed"
"1146";"Tetraselmis_sp";"RCC4489";"KT878711";"Yes";"Distributed"
"1147";"Tetraselmis_sp";"RCC4490";"KT878712";"Yes";"Distributed"
"1148";"Tetraselmis_sp";"RCC4491";"KT878713";"Yes";"Distributed"
"1149";"Tetraselmis_sp";"RCC6047";"MK542679";"Yes";"Distributed"
"1150";"Pycnococcus_provasolii";"RCC117";"X91264";"No";"Lost"
"1151";"Pycnococcus_provasolii";"RCC135";"AF122889";"Yes";"Distributed"
"1152";"Pycnococcus_sp";"RCC345";"KT878666";"No";"Lost"
"1153";"Pycnococcus_provasolii";"RCC432";"KT860637";"Yes";"Cryopreserved"
"1154";"Pycnococcus_provasolii";"RCC444";"KT860639";"Yes";"Cryopreserved"
"1155";"Pycnococcus_provasolii";"RCC459";"KT860651";"Yes";"Cryopreserved"
"1156";"Pycnococcus_provasolii";"RCC460";"KT860658";"Yes";"Cryopreserved"
"1157";"Pycnococcus_provasolii";"RCC519";"KT860670";"Yes";"Distributed"
"1158";"Pycnococcus_sp";"RCC521";"MH792100";"Yes";"Cryopreserved"
"1159";"Pycnococcus_provasolii";"RCC522";"KT860678";"Yes";"Cryopreserved"
"1160";"Pycnococcus_provasolii";"RCC581";"KT860810";"Yes";"Distributed"
"1161";"Pyramimonas_parkeae";"RCC619";"KT860881";"Yes";"Distributed"
"1162";"Pyramimonas_sp";"RCC669";"KT860677";"No";"Lost"
"1163";"Pycnococcus_provasolii";"RCC709";"KT860812";"Yes";"Cryopreserved"
"1164";"Pycnococcus_provasolii";"RCC730";"KT860682";"Yes";"Cryopreserved"
"1165";"Pycnococcus_provasolii";"RCC731";"KT860684";"Yes";"Cryopreserved"
"1166";"Pycnococcus_provasolii";"RCC733";"KT878683";"Yes";"Distributed"
"1167";"Pycnococcus_provasolii";"RCC734";"KT860683";"Yes";"Cryopreserved"
"1168";"Pycnococcus_provasolii";"RCC823";"KT860693";"No";"NotDistributed"
"1169";"Pycnococcus_provasolii";"RCC885";"KT860821";"Yes";"Distributed"
"1170";"Pycnococcus_provasolii";"RCC899";"KT860909";"Yes";"Distributed"
"1171";"Pycnococcus_provasolii";"RCC931";"EU106778";"Yes";"Distributed"
"1172";"Pycnococcus_sp";"RCC932";"EU106779";"No";"Lost"
"1173";"Pycnococcus_provasolii";"RCC1058";"EU106838";"Yes";"Cryopreserved"
"1174";"Pycnococcus_provasolii";"RCC1059";"EU106839";"Yes";"Cryopreserved"
"1175";"Pycnococcus_provasolii";"RCC1060";"EU106840";"Yes";"Cryopreserved"
"1176";"Pycnococcus_provasolii";"RCC1751";"KT860725";"Yes";"Distributed"
"1177";"Pyramimonas_sp";"RCC1870";"KT860775";"No";"NotDistributed"
"1178";"Pycnococcus_provasolii";"RCC1930";"KT860777";"No";"Cryopreserved"
"1179";"Pycnococcus_provasolii";"RCC1931";"KT860778";"Yes";"Distributed"
"1180";"Pyramimonas_sp";"RCC1987";"JN934670";"Yes";"Distributed"
"1181";"Pyramimonas_sp";"RCC2009";"JF794047";"No";"Lost"
"1182";"Pyramimonas_sp";"RCC2015";"JF794048";"Yes";"Distributed"
"1183";"Pyramimonas_sp";"RCC2047";"KT860756";"Yes";"Distributed"
"1184";"Pyramimonas_sp";"RCC2048";"KT860757";"Yes";"Distributed"
"1185";"Pyramimonas_sp";"RCC2260";"KT860755";"No";"NotDistributed"
"1186";"Pyramimonas_sp";"RCC2295";"KT860800";"Yes";"Distributed"
"1187";"Pyramimonas_sp";"RCC2296";"KT860798";"Yes";"Distributed"
"1188";"Pycnococcus_provasolii";"RCC2336";"KT860844";"Yes";"Distributed"
"1189";"Pycnococcus_provasolii";"RCC2338";"KT860792";"Yes";"Cryopreserved"
"1190";"Pycnococcus_provasolii";"RCC2361";"KT860787";"Yes";"Cryopreserved"
"1191";"Pycnococcus_provasolii";"RCC2363";"KT860779";"No";"Lost"
"1192";"Pycnococcus_provasolii";"RCC2364";"KT860780";"Yes";"Distributed"
"1193";"Pycnococcus_provasolii";"RCC2365";"KT860788";"Yes";"Cryopreserved"
"1194";"Pyramimonas_sp";"RCC2500";"JN934689";"Yes";"Distributed"
"1195";"Pyramimonas_sp";"RCC2500";"KT860922";"Yes";"Distributed"
"1196";"Pyramimonas_sp";"RCC2501";"KT860923";"Yes";"Distributed"
"1197";"Pyramimonas_sp";"RCC2502";"KT860802";"Yes";"Distributed"
"1198";"Pyramimonas_sp";"RCC2688";"KT861321";"No";"Lost"
"1199";"Pycnococcus_provasolii";"RCC3054";"KT860831";"Yes";"Distributed"
"1200";"Pycnococcus_provasolii";"RCC3055";"KT860845";"Yes";"Cryopreserved"
"1201";"Pycnococcus_provasolii";"RCC3056";"KT860846";"Yes";"Cryopreserved"
"1202";"Pyramimonas_sp";"RCC4209";"MH792101";"Yes";"Distributed"
"1203";"Pyramimonas_sp";"RCC4212";"MH792102";"Yes";"Distributed"
"1204";"Pyramimonas_sp";"RCC4217";"MH792103";"Yes";"Distributed"
"1205";"Pyramimonas_sp";"RCC4218";"MH792104";"Yes";"Distributed"
"1206";"Pyramimonas_sp";"RCC4636";"KX523159";"Yes";"Distributed"
"1207";"Pyramimonas_sp";"RCC4781";"KX602213";"No";"NotDistributed"
"1208";"Pyramimonas_sp";"RCC4783";"KX602215";"Yes";"Distributed"
"1209";"Pyramimonas_sp";"RCC4805";"KY094988";"No";"Lost"
"1210";"Pyramimonas_diskoicola";"RCC5235";"MH764716";"Yes";"Distributed"
"1211";"";"RCC5238";"MH764719";"No";"NotFound"
"1212";"Pyramimonas_sp";"RCC5240";"MH764721";"Yes";"Distributed"
"1213";"Pyramimonas_sp";"RCC5241";"MH764722";"Yes";"Distributed"
"1214";"";"RCC5242";"MH764723";"No";"NotFound"
"1215";"Pyramimonas_sp";"RCC5244";"MH764725";"Yes";"Distributed"
"1216";"Pyramimonas_sp";"RCC5245";"MH764726";"Yes";"Distributed"
"1217";"Pyramimonas_sp";"RCC5248";"MH764729";"Yes";"Distributed"
"1218";"Pyramimonas_diskoicola";"RCC5249";"MH764730";"Yes";"Distributed"
"1219";"Pyramimonas_sp";"RCC5252";"MH764733";"No";"Lost"
"1220";"Pyramimonas_australis";"RCC5269";"MH764750";"Yes";"Distributed"
"1221";"Pyramimonas_sp";"RCC5279";"MH764759";"Yes";"Distributed"
"1222";"Pyramimonas_sp";"RCC5281";"MH764761";"No";"Lost"
"1223";"Pyramimonas_sp";"RCC5283";"MH764763";"Yes";"Distributed"
"1224";"Pyramimonas_sp";"RCC5284";"MH764764";"Yes";"Distributed"
"1225";"Pyramimonas_diskoicola";"RCC5312";"MH764787";"Yes";"Distributed"
"1226";"Pyramimonas_sp";"RCC5357";"MH764822";"Yes";"Distributed"
"1227";"Pyramimonas_diskoicola";"RCC5358";"MH764823";"Yes";"Distributed"
"1228";"Pyramimonas_sp";"RCC5453";"MH764901";"No";"NotDistributed"
"1229";"Pyramimonas_sp";"RCC5454";"MH764902";"Yes";"Distributed"
"1230";"Pyramimonas_sp";"RCC5455";"MH764903";"Yes";"Distributed"
"1231";"";"RCC5457";"MH764904";"No";"NotFound"
"1232";"Pyramimonas_sp";"RCC5483";"MH764927";"No";"Lost"
"1233";"Pyramimonas_sp";"RCC5516";"MH764957";"Yes";"Distributed"
"1234";"Pyramimonas_diskoicola";"RCC5525";"MH764966";"Yes";"Distributed"
"1235";"Pyramimonas_sp";"RCC6672";"MN604358";"Yes";"Distributed"
"1236";"Desmochloris_sp";"RCC2697";"KT860925";"Yes";"Distributed"
"1237";"Ulvophyceae_XXX_sp";"RCC2945";"KT860927";"Yes";"Distributed"
"1238";"Ulvella_sp";"RCC2960";"KT860928";"Yes";"Distributed"
"1239";"Ulvophyceae_XXX_sp";"RCC2980";"KT860840";"Yes";"Distributed"
"1240";"Ulvophyceae_XXX_sp";"RCC2981";"KT860841";"Yes";"Distributed"
"1241";"Ulvophyceae_XXX_sp";"RCC4617";"KY233153";"Yes";"Distributed"
"1242";"Ulvophyceae_XXX_sp";"RCC4620";"KY233156";"Yes";"Distributed"
"1243";"Ochromonas_triangulata";"RCC21";"KT860964";"Yes";"Distributed"
"1244";"Paraphysomonas_sp";"RCC383";"KT861130";"Yes";"Distributed"
"1245";"Ochromonas_sp";"RCC480";"KT861029";"Yes";"Distributed"
"1246";"Chrysophyceae_XXX_sp";"RCC902";"KT861139";"Yes";"Distributed"
"1247";"Paraphysomonas_sp";"RCC1066";"KT878688";"No";"Lost"
"1248";"Dinobryon_faculiferum";"RCC2290";"JF794055";"Yes";"Distributed"
"1249";"Dinobryon_faculiferum";"RCC2293";"JN934680";"Yes";"Distributed"
"1250";"Dinobryon_faculiferum";"RCC2294";"KT861201";"Yes";"Distributed"
"1251";"Ochromonas_sp";"RCC2350";"KT861094";"No";"Lost"
"1252";"Ochromonas_sp";"RCC2350";"KT861100";"No";"Lost"
"1253";"Spumella_sp";"RCC4558";"KX014632";"Yes";"Distributed"
"1254";"Dinobryon_faculiferum";"RCC5261";"MH764742";"Yes";"Distributed"
"1255";"";"RCC5290";"MH764769";"No";"NotFound"
"1256";"Spumella_sp";"RCC5412";"MH764864";"No";"Lost"
"1257";"Spumella_sp";"RCC5413";"MH764865";"No";"Lost"
"1258";"Spumella_sp";"RCC5513";"MH764955";"No";"Lost"
"1259";"Triparma_sp";"RCC852";"EU106738";"No";"NotDistributed"
"1260";"Triparma_sp";"RCC1657";"KF422625";"Yes";"Distributed"
"1261";"Triparma_eleuthera";"RCC1730";"KR998400";"No";"Lost"
"1262";"Triparma_eleuthera";"RCC2347";"KF422629";"No";"Lost"
"1263";"";"";"U14387";"No";"NotFound"
"1264";"Rhizochromulina_sp";"RCC332";"KT861105";"Yes";"Distributed"
"1265";"Rhizochromulina_sp";"RCC334";"KT861027";"No";"NotDistributed"
"1266";"Florenciella_parvula";"RCC355";"KT861162";"No";"Lost"
"1267";"Mesopedinella_arctica";"RCC382";"KT861163";"No";"NotDistributed"
"1268";"Rhizochromulina_sp";"RCC389";"KT878669";"No";"Lost"
"1269";"Rhizochromulina_sp";"RCC392";"KT861164";"No";"NotDistributed"
"1270";"Florenciella_parvula";"RCC446";"AY254857";"Yes";"Distributed"
"1271";"Florenciella_sp";"RCC505";"AY665991";"No";"Lost"
"1272";"Rhizochromulina_sp";"RCC529";"KT861030";"No";"NotDistributed"
"1273";"Rhizochromulina_sp";"RCC534";"KT861034";"No";"NotDistributed"
"1274";"Apedinella_spinifera";"RCC665";"KT861032";"No";"Lost"
"1275";"Pseudopedinella_sp";"RCC668";"KT861033";"No";"NotDistributed"
"1276";"Rhizochromulina_sp";"RCC900";"KT860987";"No";"NotDistributed"
"1277";"Florenciella_sp";"RCC1007";"EU106829";"Yes";"Distributed"
"1278";"Florenciella_sp";"RCC1007";"KT861110";"Yes";"Distributed"
"1279";"Florenciella_sp";"RCC1008";"EU106830";"No";"Lost"
"1280";"Pseudochattonella_verruculosa";"RCC1082";"KT861064";"No";"Lost"
"1281";"Florenciella_sp";"RCC1587";"KF422624";"Yes";"Distributed"
"1282";"Florenciella_sp";"RCC1587";"KT861065";"Yes";"Distributed"
"1283";"Florenciella_sp";"RCC1650";"KT860989";"Yes";"Distributed"
"1284";"Florenciella_parvula";"RCC1659";"KT861058";"Yes";"Distributed"
"1285";"Florenciella_parvula";"RCC1663";"KT861059";"Yes";"Distributed"
"1286";"Florenciella_parvula";"RCC1678";"KT861060";"No";"NotDistributed"
"1287";"Florenciella_parvula";"RCC1686";"KT861061";"Yes";"Distributed"
"1288";"Florenciella_sp";"RCC1693";"KF422626";"Yes";"Distributed"
"1289";"Florenciella_sp";"RCC1704";"KT860990";"Yes";"Distributed"
"1290";"Helicopedinella_sp";"RCC2283";"KT861166";"Yes";"Distributed"
"1291";"Helicopedinella_sp";"RCC2284";"KT861167";"No";"Lost"
"1292";"Pedinella_sp";"RCC2286";"JN934678";"Yes";"Distributed"
"1293";"Helicopedinella_sp";"RCC2287";"KT861168";"Yes";"Distributed"
"1294";"Helicopedinella_sp";"RCC2289";"JF794054";"Yes";"Distributed"
"1295";"Helicopedinella_sp";"RCC2291";"KT861192";"No";"NotDistributed"
"1296";"Pedinella_sp";"RCC2301";"JN934682";"Yes";"Distributed"
"1297";"Helicopedinella_sp";"RCC2302";"KT861224";"Yes";"Distributed"
"1298";"Helicopedinella_sp";"RCC2303";"KT861194";"Yes";"Distributed"
"1299";"Dictyochophyceae_XXX_sp";"RCC2342";"KT861098";"Yes";"Distributed"
"1300";"Rhizochromulina_sp";"RCC2346";"KT861099";"Yes";"Distributed"
"1301";"Rhizochromulina_sp";"RCC2354";"KT861101";"Yes";"Distributed"
"1302";"Rhizochromulina_sp";"RCC2355";"KT861102";"Yes";"Distributed"
"1303";"Pedinellales_XX_sp";"RCC4294";"KT884474";"Yes";"Distributed"
"1304";"Rhizochromulina_sp";"RCC4436";"KX523152";"Yes";"Distributed"
"1305";"Rhizochromulina_sp";"RCC4437";"KX523153";"Yes";"Distributed"
"1306";"Rhizochromulina_sp";"RCC4438";"KX523154";"Yes";"Distributed"
"1307";"Pedinellales_XX_sp";"RCC5264";"MH764745";"Yes";"Distributed"
"1308";"Prasinoderma_coloniale";"RCC137";"U40920";"Yes";"Distributed"
"1309";"Prasinoderma_coloniale";"RCC672";"KT860885";"Yes";"Distributed"
"1310";"Prasinoderma_coloniale";"RCC673";"KT860886";"Yes";"Distributed"
"1311";"Prasinoderma_coloniale";"RCC708";"KT860685";"Yes";"Cryopreserved"
"1312";"Prasinoderma_coloniale";"RCC710";"KT860690";"Yes";"Cryopreserved"
"1313";"Prasinoderma_coloniale";"RCC711";"KT860687";"Yes";"Cryopreserved"
"1314";"Prasinoderma_coloniale";"RCC714";"KT860814";"Yes";"Cryopreserved"
"1315";"Prasinoderma_coloniale";"RCC854";"KT860905";"Yes";"Cryopreserved"
"1316";"Prasinoderma_coloniale";"RCC907";"EU106760";"No";"Lost"
"1317";"Prasinoderma_singularis";"RCC910";"EU106762";"Yes";"Cryopreserved"
"1318";"Prasinoderma_coloniale";"RCC919";"FJ997210";"Yes";"Distributed"
"1319";"Prasinoderma_coloniale";"RCC916";"EU106768";"Yes";"Distributed"
"1320";"Prasinoderma_singularis";"RCC927";"EU106775";"Yes";"Distributed"
"1321";"Prasinoderma_singularis";"RCC927";"FJ997212";"Yes";"Distributed"
"1322";"Prasinoderma_singularis";"RCC928";"KT860930";"Yes";"Distributed"
"1323";"Prasinoderma_singularis";"RCC929";"EU106776";"Yes";"Cryopreserved"
"1324";"Prasinoderma_singularis";"RCC930";"EU106777";"Yes";"Cryopreserved"
"1325";"Prasinoderma_singularis";"RCC933";"EU106780";"Yes";"Cryopreserved"
"1326";"Prasinoderma_singularis";"RCC934";"EU106781";"Yes";"Cryopreserved"
"1327";"Prasinoderma_singularis";"RCC936";"EU106783";"Yes";"Cryopreserved"
"1328";"Prasinoderma_singularis";"RCC941";"EU106788";"Yes";"Cryopreserved"
"1329";"Prasinoderma_singularis";"RCC946";"EU106792";"Yes";"Cryopreserved"
"1330";"Prasinoderma_singularis";"RCC946";"FJ997213";"Yes";"Cryopreserved"
"1331";"Prasinoderma_coloniale";"RCC959";"KT860706";"Yes";"Cryopreserved"
"1332";"Prasinoderma_coloniale";"RCC960";"KT860735";"Yes";"Cryopreserved"
"1333";"Prasinoderma_coloniale";"RCC961";"KT860707";"Yes";"Cryopreserved"
"1334";"Prasinoderma_singularis";"RCC1048";"KF422618";"Yes";"Distributed"
"1335";"Prasinoderma_singularis";"RCC1056";"KT860931";"Yes";"Cryopreserved"
"1336";"Prasinoderma_singularis";"RCC1057";"KT860932";"Yes";"Cryopreserved"
"1337";"Prasinoderma_coloniale";"RCC1957";"KT860732";"No";"Lost"
"1338";"Prasinoderma_coloniale";"RCC1967";"KT860734";"No";"Lost"
"1339";"Prasinoderma_coloniale";"RCC2686";"KT860795";"Yes";"Distributed"
"1340";"Prasinoderma_coloniale";"RCC3066";"KT860834";"Yes";"Distributed"
"1341";"Prasinoderma_coloniale";"RCC3068";"KT860835";"Yes";"Cryopreserved"
"1342";"Prasinoderma_coloniale";"RCC4432";"KX523149";"Yes";"Cryopreserved"
"1343";"Prasinoderma_coloniale";"RCC5186";"MH743126";"Yes";"Distributed"
"1344";"Prasinoderma_coloniale";"RCC5188";"MH743128";"Yes";"Distributed"
"1345";"Prasinoderma_coloniale";"RCC5189";"MH743129";"Yes";"Distributed"
"1346";"Prasinoderma_singularis";"RCC5699";"MH764667";"Yes";"Distributed"
"1347";"Prasinoderma_singularis";"RCC5700";"MH764668";"Yes";"Distributed"
"1348";"Prasinoderma_singularis";"RCC5718";"MH764669";"Yes";"Distributed"
"1349";"Prasinoderma_singularis";"RCC5726";"MH764670";"Yes";"Distributed"
"1350";"Prasinoderma_singularis";"RCC5727";"MH764671";"Yes";"Distributed"
"1351";"Chlamydomonas_concordia";"RCC1";"KT860848";"Yes";"Distributed"
"1352";"Microglena_reginae";"RCC2";"KT860849";"Yes";"Distributed"
"1353";"Dunaliella_sp";"RCC5";"KT860850";"Yes";"Distributed"
"1354";"Dunaliella_tertiolecta";"RCC6";"KT860851";"Yes";"Distributed"
"1355";"Chlamydomonas_sp";"RCC300";"KT860660";"Yes";"Cryopreserved"
"1356";"Chlamydomonas_sp";"RCC443";"KT860638";"Yes";"Cryopreserved"
"1357";"Chlamydomonas_sp";"RCC666";"KT860676";"Yes";"Distributed"
"1358";"Chlamydomonas_sp";"RCC2041";"JN934674";"Yes";"Distributed"
"1359";"Carteria_sp";"RCC2487";"JN934685";"Yes";"Distributed"
"1360";"Chlamydomonas_sp";"RCC2488";"JN934686";"Yes";"Distributed"
"1361";"Chlamydomonas_sp";"RCC2512";"KT860764";"Yes";"Distributed"
"1362";"Chlamydomonas_sp";"RCC2607";"KT860823";"Yes";"Distributed"
"1363";"Chlamydomonas_sp";"RCC2955";"KT860803";"Yes";"Cryopreserved"
"1364";"Chlamydomonas_sp";"RCC4618";"KY233154";"Yes";"Distributed"
"1365";"Dunaliella_sp";"RCC5172";"MH743121";"Yes";"Distributed"
"1366";"Dunaliella_sp";"RCC5173";"MH743122";"Yes";"Distributed"
"1367";"Chlorophyceae_XXX_sp";"RCC5175";"MH743124";"Yes";"Distributed"
"1368";"Chlamydomonas_sp";"RCC5267";"MH764748";"Yes";"Distributed"
"1369";"Chlamydomonas_sp";"RCC5305";"MH764781";"Yes";"Distributed"
"1370";"Chlamydomonas_sp";"RCC5311";"MH764786";"Yes";"Distributed"
"1371";"Chlamydomonas_sp";"RCC5335";"MH764804";"Yes";"Distributed"
"1372";"Chlamydomonas_sp";"RCC5336";"MH764805";"Yes";"Distributed"
"1373";"Chlamydomonas_sp";"RCC5409";"MH764862";"No";"Lost"
"1374";"Chlamydomonas_sp";"RCC5410";"MH764863";"Yes";"Distributed"
"1375";"Prorocentrum_cf_dentatum";"RCC848";"EU106736";"No";"NotDistributed"
"1376";"Prorocentrum_sp";"RCC1012";"KT860950";"No";"NotDistributed"
"1377";"Pelagodinium_bei";"RCC1491";"KF422623";"Yes";"Distributed"
"1378";"Pelagodinium_bei";"RCC1491";"KP843723";"Yes";"Distributed"
"1379";"Woloszynskia_cincta";"RCC2013";"JF794059";"Yes";"Distributed"
"1380";"Thecadinium_sp";"RCC2475";"KT860953";"No";"NotDistributed"
"1381";"Dinophyceae_XXX_sp";"RCC2479";"KT860941";"Yes";"Distributed"
"1382";"Dinophyceae_XXX_sp";"RCC2480";"KT860940";"Yes";"Distributed"
"1383";"Gymnodinium_sp";"RCC2545";"KT860954";"No";"Lost"
"1384";"Prorocentrum_sp";"RCC2563";"KT860948";"Yes";"Distributed"
"1385";"Scrippsiella_sp";"RCC2612";"KT860944";"Yes";"Distributed"
"1386";"Heterocapsa_sp";"RCC2616";"KT860952";"Yes";"Distributed"
"1387";"Dinophyceae_XXX_sp";"RCC2618";"KT860939";"No";"NotDistributed"
"1388";"Symbiodinium_sp";"RCC2640";"KT860943";"Yes";"Distributed"
"1389";"Scrippsiella_sp";"RCC2641";"KT860946";"Yes";"Distributed"
"1390";"Scrippsiella_sp";"RCC2943";"KT860945";"Yes";"Distributed"
"1391";"Scrippsiella_sp";"RCC2958";"KT860947";"Yes";"Distributed"
"1392";"Symbiodinium_sp";"RCC2965";"KT860942";"Yes";"Distributed"
"1393";"Prorocentrum_sp";"RCC2982";"KT860949";"Yes";"Distributed"
"1394";"Amphidinium_sp";"RCC2983";"KT860956";"Yes";"Distributed"
"1395";"Amphidinium_sp";"RCC2984";"KT860955";"No";"Lost"
"1396";"Brandtodinium_nutricula";"RCC3378";"KF557500";"No";"Lost"
"1397";"Brandtodinium_nutricula";"RCC3379";"KF557499";"No";"Lost"
"1398";"Brandtodinium_nutricula";"RCC3380";"KF557494";"No";"Lost"
"1399";"Brandtodinium_nutricula";"RCC3381";"KF557495";"No";"Lost"
"1400";"Brandtodinium_nutricula";"RCC3382";"KF557496";"No";"Lost"
"1401";"Brandtodinium_nutricula";"RCC3383";"KF557491";"Yes";"Distributed"
"1402";"Brandtodinium_nutricula";"RCC3385";"KF557492";"Yes";"Distributed"
"1403";"Brandtodinium_nutricula";"RCC3387";"KF557498";"Yes";"Distributed"
"1404";"Brandtodinium_nutricula";"RCC3388";"KF557493";"Yes";"Distributed"
"1405";"Heterocapsa_triquetra";"RCC4794";"KY095018";"No";"Lost"
"1406";"Heterocapsa_triquetra";"RCC4800";"KY095023";"No";"Lost"
"1407";"Heterocapsa_rotundata";"RCC4804";"KY094994";"Yes";"Cryopreserved"
"1408";"Heterocapsa_rotundata";"RCC4804";"KY095027";"Yes";"Cryopreserved"
"1409";"Heterocapsa_triquetra";"RCC4813";"KY095034";"No";"Lost"
"1410";"Heterocapsa_triquetra";"RCC4815";"KY095036";"No";"Lost"
"1411";"Heterocapsa_rotundata";"RCC4846";"KY094990";"Yes";"Cryopreserved"
"1412";"Heterocapsa_rotundata";"RCC4846";"KY095061";"Yes";"Cryopreserved"
"1413";"Prorocentrum_sp";"RCC5194";"MH743133";"Yes";"Distributed"
"1414";"Heterocapsaceae_X_sp";"RCC5195";"MH743134";"Yes";"Distributed"
"1415";"Biecheleria_sp";"RCC5518";"MH764959";"Yes";"Distributed"
"1416";"Biecheleria_sp";"RCC5520";"MH764961";"Yes";"Distributed"
"1417";"Biecheleria_sp";"RCC5521";"MH764962";"No";"Lost"
"1418";"Biecheleria_sp";"RCC5522";"MH764963";"Yes";"Distributed"
"1419";"Prorocentrum_sp";"RCC5648";"MH764672";"Yes";"Distributed"
"1420";"Prorocentrum_sp";"RCC5671";"MH764673";"No";"Lost"
"1421";"Prorocentrum_sp";"RCC5703";"MH764674";"No";"Lost"
"1422";"Prorocentrum_sp";"RCC5704";"MH764675";"No";"Lost"
"1423";"Prorocentrum_sp";"RCC5705";"MH764676";"No";"Lost"
"1424";"Karenia_sp";"RCC5706";"MH764626";"No";"Lost"
"1425";"Aurantiochytrium_mangrovei";"RCC893";"AB973565";"Yes";"Distributed"
"1426";"Bathycoccus_prasinos";"RCC419";"KT860591";"Yes";"Distributed"
"1427";"Bathycoccus_prasinos";"RCC2486";"";"Yes";"Distributed"
"1428";"Micromonas_pusilla";"RCC2482";"";"Yes";"Distributed"
